state.code,age,income,education,employed,raw.income,degree,fouryrdegree
6,33,250000,16,1,250000,4-year degree,1
6,28,32086,13,NA,32086,no 4-year degree,0
6,29,32086,12,1,32086,no 4-year degree,0
6,34,16871,13,NA,16871,no 4-year degree,0
6,35,12002,12,NA,12002,no 4-year degree,0
6,34,94075,12,1,94075,no 4-year degree,0
6,34,8400,18,NA,8400,4-year degree,1
6,25,60014,12,1,60014,no 4-year degree,0
6,26,60014,11,1,60014,no 4-year degree,0
6,33,300640,16,1,300640,4-year degree,1
6,30,300640,16,1,300640,4-year degree,1
6,32,84100,12,NA,84100,no 4-year degree,0
6,26,18163,16,1,18163,4-year degree,1
6,34,113790,13,1,113790,no 4-year degree,0
6,28,70000,12,1,70000,no 4-year degree,0
6,30,70000,12,1,70000,no 4-year degree,0
6,25,77086,16,1,77086,4-year degree,1
6,27,77086,14,1,77086,no 4-year degree,0
6,33,109000,14,1,109000,no 4-year degree,0
6,29,109000,12,1,109000,no 4-year degree,0
6,29,99540,14,1,99540,no 4-year degree,0
6,31,99540,16,1,99540,4-year degree,1
6,35,92006,13,1,92006,no 4-year degree,0
6,35,92006,12,1,92006,no 4-year degree,0
6,35,277620,16,1,277620,4-year degree,1
6,26,195000,12,1,195000,no 4-year degree,0
6,25,195000,14,NA,195000,no 4-year degree,0
6,33,195000,12,1,195000,no 4-year degree,0
6,33,195000,12,NA,195000,no 4-year degree,0
6,34,188680,13,1,188680,no 4-year degree,0
6,32,35000,12,1,35000,no 4-year degree,0
6,31,35000,12,NA,35000,no 4-year degree,0
6,33,77000,14,1,77000,no 4-year degree,0
6,34,40812,12,NA,40812,no 4-year degree,0
6,27,55115,13,1,55115,no 4-year degree,0
6,25,55115,12,NA,55115,no 4-year degree,0
6,29,60535,13,NA,60535,no 4-year degree,0
6,27,14199,12,1,14199,no 4-year degree,0
6,33,14199,16,1,14199,4-year degree,1
6,26,810096,20,NA,810096,4-year degree,1
6,35,90100,13,1,90100,no 4-year degree,0
6,30,40000,13,NA,40000,no 4-year degree,0
6,31,40000,13,1,40000,no 4-year degree,0
6,32,37000,9,NA,37000,no 4-year degree,0
6,33,48000,16,1,48000,4-year degree,1
6,29,140000,12,1,140000,no 4-year degree,0
6,27,21600,11,NA,21600,no 4-year degree,0
6,31,21600,9,NA,21600,no 4-year degree,0
6,33,91425,18,1,91425,4-year degree,1
6,32,91425,16,1,91425,4-year degree,1
6,35,68212,12,1,68212,no 4-year degree,0
6,35,4205,12,NA,4205,no 4-year degree,0
6,26,56500,12,1,56500,no 4-year degree,0
6,30,90000,16,1,90000,4-year degree,1
6,26,90000,14,1,90000,no 4-year degree,0
6,28,33000,12,1,33000,no 4-year degree,0
6,35,183030,12,1,183030,no 4-year degree,0
6,31,45067,13,1,45067,no 4-year degree,0
6,26,14400,12,NA,14400,no 4-year degree,0
6,29,14400,12,NA,14400,no 4-year degree,0
6,30,0,12,NA,0,no 4-year degree,0
6,33,163808,13,NA,163808,no 4-year degree,0
6,27,45600,12,1,45600,no 4-year degree,0
6,26,0,13,0,0,no 4-year degree,0
6,30,11136,12,NA,11136,no 4-year degree,0
6,25,0,9,1,0,no 4-year degree,0
6,28,24207,18,1,24207,4-year degree,1
6,27,37802,16,1,37802,4-year degree,1
6,33,37802,12,1,37802,no 4-year degree,0
6,29,25000,12,1,25000,no 4-year degree,0
6,30,47845,16,1,47845,4-year degree,1
6,34,47845,12,1,47845,no 4-year degree,0
6,30,38928,18,1,38928,4-year degree,1
6,25,38928,16,1,38928,4-year degree,1
6,25,47700,13,0,47700,no 4-year degree,0
6,27,32931,16,1,32931,4-year degree,1
6,31,32931,16,1,32931,4-year degree,1
6,29,50000,16,1,50000,4-year degree,1
6,35,50000,16,1,50000,4-year degree,1
6,31,26880,12,NA,26880,no 4-year degree,0
6,28,26880,12,1,26880,no 4-year degree,0
6,33,54377,18,1,54377,4-year degree,1
6,33,54377,16,1,54377,4-year degree,1
6,26,42003,16,1,42003,4-year degree,1
6,25,42003,16,1,42003,4-year degree,1
6,34,101726,16,1,101726,4-year degree,1
6,25,11400,16,NA,11400,4-year degree,1
6,32,21601,14,NA,21601,no 4-year degree,0
6,31,21601,14,NA,21601,no 4-year degree,0
6,27,30376,12,1,30376,no 4-year degree,0
6,33,30376,14,1,30376,no 4-year degree,0
6,29,117055,16,1,117055,4-year degree,1
6,28,117055,12,1,117055,no 4-year degree,0
6,26,209205,12,1,209205,no 4-year degree,0
6,35,188071,16,1,188071,4-year degree,1
6,28,188071,13,NA,188071,no 4-year degree,0
6,35,54002,12,1,54002,no 4-year degree,0
6,34,222000,12,1,222000,no 4-year degree,0
6,30,112020,12,1,112020,no 4-year degree,0
6,25,112020,12,NA,112020,no 4-year degree,0
6,30,111001,14,1,111001,no 4-year degree,0
6,29,111001,16,1,111001,4-year degree,1
6,32,161000,12,1,161000,no 4-year degree,0
6,30,202004,16,NA,202004,4-year degree,1
6,32,202004,13,1,202004,no 4-year degree,0
6,26,54450,14,1,54450,no 4-year degree,0
6,34,110020,18,1,110020,4-year degree,1
6,32,130052,18,1,130052,4-year degree,1
6,25,27780,12,1,27780,no 4-year degree,0
6,34,45015,9,NA,45015,no 4-year degree,0
6,35,45015,9,1,45015,no 4-year degree,0
6,30,134261,18,1,134261,4-year degree,1
6,26,32497,16,1,32497,4-year degree,1
6,32,46200,12,1,46200,no 4-year degree,0
6,35,46200,12,NA,46200,no 4-year degree,0
6,28,55500,14,1,55500,no 4-year degree,0
6,34,62756,13,NA,62756,no 4-year degree,0
6,34,189020,13,1,189020,no 4-year degree,0
6,35,120204,12,1,120204,no 4-year degree,0
6,33,120204,16,1,120204,4-year degree,1
6,26,49000,16,1,49000,4-year degree,1
6,30,195450,20,1,195450,4-year degree,1
6,30,195450,20,1,195450,4-year degree,1
6,28,78300,10,NA,78300,no 4-year degree,0
6,26,127200,14,1,127200,no 4-year degree,0
6,25,127200,12,1,127200,no 4-year degree,0
6,35,3000,11,1,3000,no 4-year degree,0
6,33,3000,12,NA,3000,no 4-year degree,0
6,25,129427,14,1,129427,no 4-year degree,0
6,26,129427,12,1,129427,no 4-year degree,0
6,26,116548,13,1,116548,no 4-year degree,0
6,32,250010,20,1,250010,4-year degree,1
6,32,250010,16,1,250010,4-year degree,1
6,30,35610,12,NA,35610,no 4-year degree,0
6,31,35610,11,1,35610,no 4-year degree,0
6,28,49080,18,1,49080,4-year degree,1
6,29,49080,13,1,49080,no 4-year degree,0
6,30,4800,12,1,4800,no 4-year degree,0
6,35,96652,14,NA,96652,no 4-year degree,0
6,30,83600,14,1,83600,no 4-year degree,0
6,32,83600,14,1,83600,no 4-year degree,0
6,27,23748,12,0,23748,no 4-year degree,0
6,29,85060,16,1,85060,4-year degree,1
6,25,85060,16,1,85060,4-year degree,1
6,25,172325,18,1,172325,4-year degree,1
6,34,195302,18,1,195302,4-year degree,1
6,27,195302,18,1,195302,4-year degree,1
6,31,231000,13,1,231000,no 4-year degree,0
6,26,185608,16,1,185608,4-year degree,1
6,28,185608,14,1,185608,no 4-year degree,0
6,31,40904,14,1,40904,no 4-year degree,0
6,25,42000,9,1,42000,no 4-year degree,0
6,32,127000,12,1,127000,no 4-year degree,0
6,33,46871,13,NA,46871,no 4-year degree,0
6,34,46871,12,1,46871,no 4-year degree,0
6,33,43000,14,NA,43000,no 4-year degree,0
6,35,23916,13,NA,23916,no 4-year degree,0
6,33,29899,12,1,29899,no 4-year degree,0
6,32,29899,16,NA,29899,4-year degree,1
6,28,36700,11,NA,36700,no 4-year degree,0
6,28,36700,11,1,36700,no 4-year degree,0
6,35,47428,14,NA,47428,no 4-year degree,0
6,35,230000,18,1,230000,4-year degree,1
6,35,141400,16,NA,141400,4-year degree,1
6,34,141400,14,NA,141400,no 4-year degree,0
6,26,42490,12,1,42490,no 4-year degree,0
6,33,61125,12,1,61125,no 4-year degree,0
6,33,61125,12,1,61125,no 4-year degree,0
6,34,30000,12,1,30000,no 4-year degree,0
6,34,30000,12,1,30000,no 4-year degree,0
6,31,30000,12,1,30000,no 4-year degree,0
6,25,88056,16,NA,88056,4-year degree,1
6,28,88056,13,1,88056,no 4-year degree,0
6,26,74708,16,1,74708,4-year degree,1
6,25,74708,13,1,74708,no 4-year degree,0
6,29,59902,14,1,59902,no 4-year degree,0
6,26,59902,14,1,59902,no 4-year degree,0
6,31,63001,16,1,63001,4-year degree,1
6,30,67001,16,1,67001,4-year degree,1
6,29,67001,13,1,67001,no 4-year degree,0
6,31,122400,14,1,122400,no 4-year degree,0
6,29,122400,12,NA,122400,no 4-year degree,0
6,35,129500,12,1,129500,no 4-year degree,0
6,34,112780,13,1,112780,no 4-year degree,0
6,28,107007,13,1,107007,no 4-year degree,0
6,27,107007,12,1,107007,no 4-year degree,0
6,31,42006,11,1,42006,no 4-year degree,0
6,31,42006,14,1,42006,no 4-year degree,0
6,31,37203,13,1,37203,no 4-year degree,0
6,28,37203,12,0,37203,no 4-year degree,0
6,32,102000,16,NA,102000,4-year degree,1
6,26,0,16,1,0,4-year degree,1
6,34,200000,18,1,200000,4-year degree,1
6,33,23800,13,NA,23800,no 4-year degree,0
6,34,86200,18,NA,86200,4-year degree,1
6,31,40000,13,1,40000,no 4-year degree,0
6,35,136841,18,1,136841,4-year degree,1
6,27,41587,18,1,41587,4-year degree,1
6,35,58800,12,0,58800,no 4-year degree,0
6,27,30000,13,1,30000,no 4-year degree,0
6,26,0,14,NA,0,no 4-year degree,0
6,31,100000,16,1,100000,4-year degree,1
6,34,36000,12,NA,36000,no 4-year degree,0
6,32,0,18,NA,0,4-year degree,1
6,32,0,18,NA,0,4-year degree,1
6,30,215260,16,0,215260,4-year degree,1
6,25,215260,12,1,215260,no 4-year degree,0
6,28,77120,12,1,77120,no 4-year degree,0
6,33,101754,12,1,101754,no 4-year degree,0
6,33,101754,12,1,101754,no 4-year degree,0
6,26,161551,16,1,161551,4-year degree,1
6,30,11826,14,0,11826,no 4-year degree,0
6,33,80150,16,NA,80150,4-year degree,1
6,30,0,12,NA,0,no 4-year degree,0
6,32,41200,12,1,41200,no 4-year degree,0
6,25,92801,16,NA,92801,4-year degree,1
6,32,0,14,0,0,no 4-year degree,0
6,29,219115,16,1,219115,4-year degree,1
6,26,219115,16,1,219115,4-year degree,1
6,35,159600,12,1,159600,no 4-year degree,0
6,35,159600,12,1,159600,no 4-year degree,0
6,26,10002,12,1,10002,no 4-year degree,0
6,26,25000,16,NA,25000,4-year degree,1
6,25,25000,16,1,25000,4-year degree,1
6,32,163103,18,1,163103,4-year degree,1
6,26,82324,16,1,82324,4-year degree,1
6,25,82324,12,NA,82324,no 4-year degree,0
6,35,40000,12,1,40000,no 4-year degree,0
6,27,42000,16,NA,42000,4-year degree,1
6,35,137503,16,1,137503,4-year degree,1
6,29,137503,16,1,137503,4-year degree,1
6,28,20000,16,NA,20000,4-year degree,1
6,29,20000,16,1,20000,4-year degree,1
6,32,391009,16,1,391009,4-year degree,1
6,29,391009,16,1,391009,4-year degree,1
6,25,391009,16,1,391009,4-year degree,1
6,35,523059,13,1,523059,no 4-year degree,0
6,33,85000,12,1,85000,no 4-year degree,0
6,28,154600,16,1,154600,4-year degree,1
6,30,96101,13,NA,96101,no 4-year degree,0
6,27,238780,12,1,238780,no 4-year degree,0
6,33,133811,13,1,133811,no 4-year degree,0
6,32,133811,13,1,133811,no 4-year degree,0
6,26,139352,12,1,139352,no 4-year degree,0
6,29,180000,16,1,180000,4-year degree,1
6,30,180000,16,1,180000,4-year degree,1
6,34,11400,13,NA,11400,no 4-year degree,0
6,35,387306,20,1,387306,4-year degree,1
6,32,387306,20,1,387306,4-year degree,1
6,28,85650,16,1,85650,4-year degree,1
6,32,179402,18,1,179402,4-year degree,1
6,32,179402,16,1,179402,4-year degree,1
6,33,17005,12,NA,17005,no 4-year degree,0
6,31,29364,12,1,29364,no 4-year degree,0
6,28,29364,12,1,29364,no 4-year degree,0
6,30,155021,16,NA,155021,4-year degree,1
6,35,155021,16,NA,155021,4-year degree,1
6,35,20000,11,0,20000,no 4-year degree,0
6,31,130036,16,1,130036,4-year degree,1
6,28,503044,16,1,503044,4-year degree,1
6,28,503044,16,1,503044,4-year degree,1
6,28,310000,13,1,310000,no 4-year degree,0
6,27,310000,12,1,310000,no 4-year degree,0
6,29,76000,13,0,76000,no 4-year degree,0
6,26,76000,13,1,76000,no 4-year degree,0
6,34,130000,16,1,130000,4-year degree,1
6,26,102704,12,1,102704,no 4-year degree,0
6,25,802350,16,1,802350,4-year degree,1
6,26,60001,16,0,60001,4-year degree,1
6,32,185400,18,1,185400,4-year degree,1
6,34,185400,18,1,185400,4-year degree,1
6,33,57600,14,1,57600,no 4-year degree,0
6,28,57600,12,1,57600,no 4-year degree,0
6,31,194986,18,1,194986,4-year degree,1
6,30,194986,20,1,194986,4-year degree,1
6,26,33120,13,NA,33120,no 4-year degree,0
6,30,230901,16,1,230901,4-year degree,1
6,28,230901,16,1,230901,4-year degree,1
6,33,82394,16,1,82394,4-year degree,1
6,31,50000,14,1,50000,no 4-year degree,0
6,25,22000,12,NA,22000,no 4-year degree,0
6,25,119884,12,NA,119884,no 4-year degree,0
6,31,119884,12,1,119884,no 4-year degree,0
6,28,0,12,NA,0,no 4-year degree,0
6,27,218854,13,1,218854,no 4-year degree,0
6,27,72100,13,1,72100,no 4-year degree,0
6,26,92020,10,1,92020,no 4-year degree,0
6,26,92020,12,NA,92020,no 4-year degree,0
6,33,145463,14,NA,145463,no 4-year degree,0
6,32,145463,16,1,145463,4-year degree,1
6,31,88067,16,1,88067,4-year degree,1
6,30,88067,16,1,88067,4-year degree,1
6,30,130036,16,1,130036,4-year degree,1
6,35,362203,20,1,362203,4-year degree,1
6,25,86003,13,1,86003,no 4-year degree,0
6,31,3005,12,0,3005,no 4-year degree,0
6,26,57000,13,1,57000,no 4-year degree,0
6,33,211512,16,1,211512,4-year degree,1
6,31,211512,20,1,211512,4-year degree,1
6,30,197707,12,1,197707,no 4-year degree,0
6,33,197707,14,1,197707,no 4-year degree,0
6,30,197707,12,1,197707,no 4-year degree,0
6,31,197707,16,1,197707,4-year degree,1
6,32,43177,13,1,43177,no 4-year degree,0
6,28,74000,13,1,74000,no 4-year degree,0
6,26,70000,12,1,70000,no 4-year degree,0
6,27,70000,12,NA,70000,no 4-year degree,0
6,27,86508,12,1,86508,no 4-year degree,0
6,27,86508,16,1,86508,4-year degree,1
6,34,55000,11,NA,55000,no 4-year degree,0
6,30,87900,14,1,87900,no 4-year degree,0
6,30,87900,16,1,87900,4-year degree,1
6,33,171250,13,1,171250,no 4-year degree,0
6,26,69000,13,0,69000,no 4-year degree,0
6,27,69000,12,1,69000,no 4-year degree,0
6,27,63005,13,1,63005,no 4-year degree,0
6,25,20002,12,NA,20002,no 4-year degree,0
6,27,108021,12,1,108021,no 4-year degree,0
6,26,108021,12,1,108021,no 4-year degree,0
6,25,54000,16,0,54000,4-year degree,1
6,31,70001,13,1,70001,no 4-year degree,0
6,30,70001,13,1,70001,no 4-year degree,0
6,28,19201,13,1,19201,no 4-year degree,0
6,32,41025,16,1,41025,4-year degree,1
6,34,41025,20,1,41025,4-year degree,1
6,25,92607,16,1,92607,4-year degree,1
6,26,92607,13,1,92607,no 4-year degree,0
6,25,92607,16,1,92607,4-year degree,1
6,30,37786,12,NA,37786,no 4-year degree,0
6,27,106980,13,1,106980,no 4-year degree,0
6,29,106980,12,1,106980,no 4-year degree,0
6,29,106980,12,NA,106980,no 4-year degree,0
6,33,58120,13,1,58120,no 4-year degree,0
6,32,58120,13,NA,58120,no 4-year degree,0
6,33,80000,14,1,80000,no 4-year degree,0
6,33,80000,13,1,80000,no 4-year degree,0
6,35,169900,12,1,169900,no 4-year degree,0
6,31,169900,12,1,169900,no 4-year degree,0
6,25,169900,12,1,169900,no 4-year degree,0
6,28,68448,16,1,68448,4-year degree,1
6,29,68448,16,1,68448,4-year degree,1
6,29,80970,16,0,80970,4-year degree,1
6,32,60000,13,1,60000,no 4-year degree,0
6,27,0,12,1,0,no 4-year degree,0
6,26,12102,16,1,12102,4-year degree,1
6,28,170400,16,1,170400,4-year degree,1
6,35,10000,14,NA,10000,no 4-year degree,0
6,27,30600,18,NA,30600,4-year degree,1
6,27,30600,18,1,30600,4-year degree,1
6,26,253701,16,1,253701,4-year degree,1
6,30,65922,20,1,65922,4-year degree,1
6,29,103801,18,1,103801,4-year degree,1
6,28,60660,13,1,60660,no 4-year degree,0
6,34,23633,12,NA,23633,no 4-year degree,0
6,26,217765,12,1,217765,no 4-year degree,0
6,32,217765,16,1,217765,4-year degree,1
6,35,131005,14,1,131005,no 4-year degree,0
6,34,131005,16,1,131005,4-year degree,1
6,32,167125,12,1,167125,no 4-year degree,0
6,25,167125,16,1,167125,4-year degree,1
6,28,34650,9,1,34650,no 4-year degree,0
6,30,119329,14,1,119329,no 4-year degree,0
6,32,178002,14,NA,178002,no 4-year degree,0
6,26,178002,16,1,178002,4-year degree,1
6,29,138754,12,NA,138754,no 4-year degree,0
6,33,138754,13,1,138754,no 4-year degree,0
6,33,58000,12,1,58000,no 4-year degree,0
6,32,58000,12,1,58000,no 4-year degree,0
6,32,249000,16,1,249000,4-year degree,1
6,28,249000,16,1,249000,4-year degree,1
6,25,99358,16,1,99358,4-year degree,1
6,26,99358,16,1,99358,4-year degree,1
6,29,76002,20,1,76002,4-year degree,1
6,31,76002,20,1,76002,4-year degree,1
6,26,65000,12,1,65000,no 4-year degree,0
6,29,122140,16,1,122140,4-year degree,1
6,25,18500,10,NA,18500,no 4-year degree,0
6,31,40121,13,1,40121,no 4-year degree,0
6,30,277015,12,1,277015,no 4-year degree,0
6,27,0,16,NA,0,4-year degree,1
6,27,125000,12,1,125000,no 4-year degree,0
6,30,249534,13,1,249534,no 4-year degree,0
6,25,112124,14,NA,112124,no 4-year degree,0
6,34,594716,12,1,594716,no 4-year degree,0
6,30,101693,12,1,101693,no 4-year degree,0
6,30,185000,12,1,185000,no 4-year degree,0
6,27,297108,12,1,297108,no 4-year degree,0
6,26,297108,12,1,297108,no 4-year degree,0
6,26,34601,12,NA,34601,no 4-year degree,0
6,25,34601,11,1,34601,no 4-year degree,0
6,27,98985,18,1,98985,4-year degree,1
6,32,119520,13,1,119520,no 4-year degree,0
6,29,53511,18,1,53511,4-year degree,1
6,28,89744,12,1,89744,no 4-year degree,0
6,25,82251,13,1,82251,no 4-year degree,0
6,34,120251,13,1,120251,no 4-year degree,0
6,35,120251,13,1,120251,no 4-year degree,0
6,28,24510,13,0,24510,no 4-year degree,0
6,30,207853,16,0,207853,4-year degree,1
6,34,207853,16,0,207853,4-year degree,1
6,31,130002,18,1,130002,4-year degree,1
6,29,130002,16,1,130002,4-year degree,1
6,27,70000,16,1,70000,4-year degree,1
6,28,138083,16,1,138083,4-year degree,1
6,33,128067,16,1,128067,4-year degree,1
6,26,52705,16,1,52705,4-year degree,1
6,29,28001,12,1,28001,no 4-year degree,0
6,28,28001,12,NA,28001,no 4-year degree,0
6,25,74538,13,NA,74538,no 4-year degree,0
6,31,122540,16,1,122540,4-year degree,1
6,30,122540,16,1,122540,4-year degree,1
6,35,134275,16,NA,134275,4-year degree,1
6,27,55878,16,1,55878,4-year degree,1
6,34,30450,14,1,30450,no 4-year degree,0
6,32,30450,12,NA,30450,no 4-year degree,0
6,35,195001,16,1,195001,4-year degree,1
6,34,183006,16,1,183006,4-year degree,1
6,33,183006,18,NA,183006,4-year degree,1
6,30,54600,13,1,54600,no 4-year degree,0
6,25,51401,16,NA,51401,4-year degree,1
6,35,60300,16,1,60300,4-year degree,1
6,27,347653,20,1,347653,4-year degree,1
6,26,347653,18,1,347653,4-year degree,1
6,26,347653,18,1,347653,4-year degree,1
6,25,100228,12,1,100228,no 4-year degree,0
6,26,100228,12,1,100228,no 4-year degree,0
6,35,42000,13,1,42000,no 4-year degree,0
6,31,31300,13,1,31300,no 4-year degree,0
6,33,130010,9,1,130010,no 4-year degree,0
6,35,229232,13,1,229232,no 4-year degree,0
6,25,1500,16,NA,1500,4-year degree,1
6,29,1500,14,NA,1500,no 4-year degree,0
6,31,101068,16,0,101068,4-year degree,1
6,26,74000,12,1,74000,no 4-year degree,0
6,34,120000,16,1,120000,4-year degree,1
6,32,152000,13,1,152000,no 4-year degree,0
6,30,152000,18,1,152000,4-year degree,1
6,34,152000,13,NA,152000,no 4-year degree,0
6,34,152000,13,1,152000,no 4-year degree,0
6,32,291231,16,1,291231,4-year degree,1
6,34,50001,13,1,50001,no 4-year degree,0
6,27,50001,12,1,50001,no 4-year degree,0
6,29,61350,14,NA,61350,no 4-year degree,0
6,28,61350,14,1,61350,no 4-year degree,0
6,33,35000,12,1,35000,no 4-year degree,0
6,34,24010,12,1,24010,no 4-year degree,0
6,29,24010,12,1,24010,no 4-year degree,0
6,27,34415,16,1,34415,4-year degree,1
6,26,329852,16,1,329852,4-year degree,1
6,35,125700,14,NA,125700,no 4-year degree,0
6,33,125700,14,1,125700,no 4-year degree,0
6,30,30000,9,1,30000,no 4-year degree,0
6,28,30000,10,1,30000,no 4-year degree,0
6,30,161875,16,1,161875,4-year degree,1
6,26,0,16,NA,0,4-year degree,1
6,27,86000,12,NA,86000,no 4-year degree,0
6,26,86000,16,1,86000,4-year degree,1
6,31,181816,16,1,181816,4-year degree,1
6,31,21000,12,1,21000,no 4-year degree,0
6,31,166300,16,1,166300,4-year degree,1
6,33,166300,16,1,166300,4-year degree,1
6,35,148000,12,1,148000,no 4-year degree,0
6,30,85362,16,1,85362,4-year degree,1
6,31,85362,16,1,85362,4-year degree,1
6,26,190416,16,1,190416,4-year degree,1
6,25,190416,16,1,190416,4-year degree,1
6,29,80000,16,1,80000,4-year degree,1
6,27,105001,16,1,105001,4-year degree,1
6,34,75000,12,NA,75000,no 4-year degree,0
6,28,0,13,1,0,no 4-year degree,0
6,28,310933,12,1,310933,no 4-year degree,0
6,25,310933,11,1,310933,no 4-year degree,0
6,30,50802,10,1,50802,no 4-year degree,0
6,32,120002,12,1,120002,no 4-year degree,0
6,33,223076,14,1,223076,no 4-year degree,0
6,31,278602,14,1,278602,no 4-year degree,0
6,35,278602,14,1,278602,no 4-year degree,0
6,33,46000,12,1,46000,no 4-year degree,0
6,28,110364,12,1,110364,no 4-year degree,0
6,34,167000,12,1,167000,no 4-year degree,0
6,27,50202,12,1,50202,no 4-year degree,0
6,31,18000,12,1,18000,no 4-year degree,0
6,27,18000,12,NA,18000,no 4-year degree,0
6,31,71004,16,1,71004,4-year degree,1
6,25,165000,12,1,165000,no 4-year degree,0
6,28,117000,13,1,117000,no 4-year degree,0
6,27,117000,14,1,117000,no 4-year degree,0
6,29,49106,16,1,49106,4-year degree,1
6,25,49106,16,NA,49106,4-year degree,1
6,28,38400,12,1,38400,no 4-year degree,0
6,31,100000,16,1,100000,4-year degree,1
6,29,60000,16,1,60000,4-year degree,1
6,30,106107,20,1,106107,4-year degree,1
6,31,260327,12,1,260327,no 4-year degree,0
6,31,260327,12,1,260327,no 4-year degree,0
6,29,11300,12,1,11300,no 4-year degree,0
6,25,11300,12,1,11300,no 4-year degree,0
6,33,66820,13,1,66820,no 4-year degree,0
6,28,66820,14,1,66820,no 4-year degree,0
6,35,183084,14,1,183084,no 4-year degree,0
6,35,16100,14,0,16100,no 4-year degree,0
6,35,129677,16,1,129677,4-year degree,1
6,33,117578,18,1,117578,4-year degree,1
6,26,179002,13,1,179002,no 4-year degree,0
6,25,179002,16,1,179002,4-year degree,1
6,26,55000,12,1,55000,no 4-year degree,0
6,32,55000,12,NA,55000,no 4-year degree,0
6,27,78540,18,NA,78540,4-year degree,1
6,31,63800,16,1,63800,4-year degree,1
6,35,160000,13,1,160000,no 4-year degree,0
6,35,160000,13,1,160000,no 4-year degree,0
6,35,55000,11,1,55000,no 4-year degree,0
6,27,197000,16,1,197000,4-year degree,1
6,28,97205,13,1,97205,no 4-year degree,0
6,26,70000,13,1,70000,no 4-year degree,0
6,26,39904,16,1,39904,4-year degree,1
6,35,39904,12,NA,39904,no 4-year degree,0
6,28,279480,16,1,279480,4-year degree,1
6,29,279480,16,1,279480,4-year degree,1
6,26,279480,16,1,279480,4-year degree,1
6,25,279480,13,1,279480,no 4-year degree,0
6,31,65000,18,1,65000,4-year degree,1
6,34,77445,12,1,77445,no 4-year degree,0
6,27,132000,13,1,132000,no 4-year degree,0
6,26,118904,12,1,118904,no 4-year degree,0
6,29,147002,16,1,147002,4-year degree,1
6,27,147002,16,1,147002,4-year degree,1
6,26,147002,14,NA,147002,no 4-year degree,0
6,25,57200,13,1,57200,no 4-year degree,0
6,29,118052,16,1,118052,4-year degree,1
6,26,118052,12,NA,118052,no 4-year degree,0
6,27,142223,18,1,142223,4-year degree,1
6,34,914296,18,1,914296,4-year degree,1
6,34,914296,16,1,914296,4-year degree,1
6,33,914296,18,1,914296,4-year degree,1
6,32,81200,12,0,81200,no 4-year degree,0
6,32,81200,12,1,81200,no 4-year degree,0
6,30,384237,16,1,384237,4-year degree,1
6,31,124377,13,1,124377,no 4-year degree,0
6,30,124377,13,1,124377,no 4-year degree,0
6,34,60775,9,NA,60775,no 4-year degree,0
6,25,60775,12,1,60775,no 4-year degree,0
6,29,36001,13,1,36001,no 4-year degree,0
6,28,50000,12,1,50000,no 4-year degree,0
6,26,87820,14,1,87820,no 4-year degree,0
6,27,87820,12,1,87820,no 4-year degree,0
6,30,12176,12,1,12176,no 4-year degree,0
6,34,59656,16,1,59656,4-year degree,1
6,35,27500,12,1,27500,no 4-year degree,0
6,30,27500,12,1,27500,no 4-year degree,0
6,31,27500,13,1,27500,no 4-year degree,0
6,26,105000,13,1,105000,no 4-year degree,0
6,26,105000,13,NA,105000,no 4-year degree,0
6,26,105000,16,1,105000,4-year degree,1
6,34,93016,13,1,93016,no 4-year degree,0
6,25,68002,16,1,68002,4-year degree,1
6,26,66000,16,1,66000,4-year degree,1
6,27,116610,12,0,116610,no 4-year degree,0
6,27,116610,12,1,116610,no 4-year degree,0
6,25,116610,14,1,116610,no 4-year degree,0
6,30,122213,16,1,122213,4-year degree,1
6,32,50001,16,1,50001,4-year degree,1
6,32,172005,12,1,172005,no 4-year degree,0
6,33,47697,12,1,47697,no 4-year degree,0
6,25,24000,14,1,24000,no 4-year degree,0
6,30,0,12,1,0,no 4-year degree,0
6,30,56700,16,1,56700,4-year degree,1
6,25,30400,13,1,30400,no 4-year degree,0
6,34,80785,16,1,80785,4-year degree,1
6,25,65100,13,1,65100,no 4-year degree,0
6,25,86282,16,1,86282,4-year degree,1
6,35,145209,13,NA,145209,no 4-year degree,0
6,32,152001,14,1,152001,no 4-year degree,0
6,29,11100,13,NA,11100,no 4-year degree,0
6,32,467511,16,1,467511,4-year degree,1
6,34,467511,16,1,467511,4-year degree,1
6,28,85000,16,1,85000,4-year degree,1
6,32,47250,12,1,47250,no 4-year degree,0
6,26,47250,12,1,47250,no 4-year degree,0
6,34,62105,14,1,62105,no 4-year degree,0
6,29,72275,12,1,72275,no 4-year degree,0
6,33,110542,14,1,110542,no 4-year degree,0
6,25,110542,16,1,110542,4-year degree,1
6,25,74000,13,1,74000,no 4-year degree,0
6,28,205720,16,1,205720,4-year degree,1
6,29,205720,14,1,205720,no 4-year degree,0
6,35,100571,18,1,100571,4-year degree,1
6,30,74180,12,0,74180,no 4-year degree,0
6,31,190884,13,1,190884,no 4-year degree,0
6,29,190884,12,1,190884,no 4-year degree,0
6,26,84000,16,1,84000,4-year degree,1
6,25,30000,12,1,30000,no 4-year degree,0
6,26,590030,12,1,590030,no 4-year degree,0
6,33,30000,11,NA,30000,no 4-year degree,0
6,31,27668,12,NA,27668,no 4-year degree,0
6,35,14200,13,1,14200,no 4-year degree,0
6,32,60000,14,1,60000,no 4-year degree,0
6,30,60000,12,NA,60000,no 4-year degree,0
6,33,40010,14,1,40010,no 4-year degree,0
6,30,100500,12,1,100500,no 4-year degree,0
6,29,120215,16,1,120215,4-year degree,1
6,28,120215,16,1,120215,4-year degree,1
6,32,22000,12,1,22000,no 4-year degree,0
6,34,35600,12,0,35600,no 4-year degree,0
6,28,35600,12,1,35600,no 4-year degree,0
6,30,122427,14,NA,122427,no 4-year degree,0
6,25,39000,12,1,39000,no 4-year degree,0
6,31,103402,11,1,103402,no 4-year degree,0
6,35,103402,9,1,103402,no 4-year degree,0
6,30,103402,9,1,103402,no 4-year degree,0
6,26,75351,14,1,75351,no 4-year degree,0
6,25,75351,14,1,75351,no 4-year degree,0
6,35,49360,14,1,49360,no 4-year degree,0
6,30,144300,12,1,144300,no 4-year degree,0
6,28,72000,12,1,72000,no 4-year degree,0
6,30,53800,12,0,53800,no 4-year degree,0
6,27,184617,12,1,184617,no 4-year degree,0
6,29,184617,12,1,184617,no 4-year degree,0
6,29,184617,16,NA,184617,4-year degree,1
6,26,184617,16,NA,184617,4-year degree,1
6,27,35401,11,0,35401,no 4-year degree,0
6,26,107659,18,1,107659,4-year degree,1
6,26,123000,12,1,123000,no 4-year degree,0
6,27,37000,12,1,37000,no 4-year degree,0
6,26,37000,12,NA,37000,no 4-year degree,0
6,34,25020,13,1,25020,no 4-year degree,0
6,29,139161,14,1,139161,no 4-year degree,0
6,29,108044,12,1,108044,no 4-year degree,0
6,30,236160,16,1,236160,4-year degree,1
6,32,97851,18,1,97851,4-year degree,1
6,32,84000,12,NA,84000,no 4-year degree,0
6,26,280100,16,1,280100,4-year degree,1
6,29,215707,12,1,215707,no 4-year degree,0
6,31,52000,12,1,52000,no 4-year degree,0
6,26,133069,16,1,133069,4-year degree,1
6,28,73156,16,1,73156,4-year degree,1
6,27,48001,14,0,48001,no 4-year degree,0
6,34,51284,11,1,51284,no 4-year degree,0
6,25,93404,16,1,93404,4-year degree,1
6,25,80250,16,1,80250,4-year degree,1
6,30,45061,14,1,45061,no 4-year degree,0
6,25,75105,16,1,75105,4-year degree,1
6,32,68000,11,NA,68000,no 4-year degree,0
6,35,68000,12,1,68000,no 4-year degree,0
6,31,403313,16,1,403313,4-year degree,1
6,32,403313,16,1,403313,4-year degree,1
6,31,403313,16,1,403313,4-year degree,1
6,30,107000,12,NA,107000,no 4-year degree,0
6,28,120032,18,1,120032,4-year degree,1
6,25,192347,16,1,192347,4-year degree,1
6,27,192347,18,1,192347,4-year degree,1
6,35,72000,12,NA,72000,no 4-year degree,0
6,30,72000,14,1,72000,no 4-year degree,0
6,33,78000,13,1,78000,no 4-year degree,0
6,35,281502,14,1,281502,no 4-year degree,0
6,31,281502,16,1,281502,4-year degree,1
6,33,43000,13,1,43000,no 4-year degree,0
6,25,228250,14,1,228250,no 4-year degree,0
6,30,50000,12,1,50000,no 4-year degree,0
6,30,38022,10,NA,38022,no 4-year degree,0
6,35,105022,14,NA,105022,no 4-year degree,0
6,32,280000,16,1,280000,4-year degree,1
6,32,280000,13,NA,280000,no 4-year degree,0
6,35,65800,11,1,65800,no 4-year degree,0
6,33,3250,13,NA,3250,no 4-year degree,0
6,33,3250,10,NA,3250,no 4-year degree,0
6,35,17000,11,1,17000,no 4-year degree,0
6,26,91731,12,NA,91731,no 4-year degree,0
6,26,91731,12,NA,91731,no 4-year degree,0
6,30,70200,20,1,70200,4-year degree,1
6,27,50021,16,1,50021,4-year degree,1
6,28,90000,12,1,90000,no 4-year degree,0
6,30,90000,12,NA,90000,no 4-year degree,0
6,27,99200,16,1,99200,4-year degree,1
6,27,99200,13,1,99200,no 4-year degree,0
6,31,36360,14,1,36360,no 4-year degree,0
6,30,17200,12,1,17200,no 4-year degree,0
6,30,17200,16,1,17200,4-year degree,1
6,30,17200,16,1,17200,4-year degree,1
6,30,17200,16,1,17200,4-year degree,1
6,28,90411,13,1,90411,no 4-year degree,0
6,28,111000,12,0,111000,no 4-year degree,0
6,26,111000,9,NA,111000,no 4-year degree,0
6,27,105415,14,1,105415,no 4-year degree,0
6,34,53364,12,NA,53364,no 4-year degree,0
6,33,53364,14,NA,53364,no 4-year degree,0
6,27,78382,13,1,78382,no 4-year degree,0
6,27,194154,12,1,194154,no 4-year degree,0
6,25,194154,14,1,194154,no 4-year degree,0
6,25,194154,12,1,194154,no 4-year degree,0
6,32,152512,12,1,152512,no 4-year degree,0
6,32,152512,12,0,152512,no 4-year degree,0
6,27,10000,11,0,10000,no 4-year degree,0
6,27,15000,16,1,15000,4-year degree,1
6,28,219477,16,1,219477,4-year degree,1
6,29,88353,16,NA,88353,4-year degree,1
6,26,88353,14,1,88353,no 4-year degree,0
6,29,78002,12,0,78002,no 4-year degree,0
6,28,90005,11,1,90005,no 4-year degree,0
6,34,90005,11,NA,90005,no 4-year degree,0
6,30,160262,12,0,160262,no 4-year degree,0
6,33,10686,14,0,10686,no 4-year degree,0
6,34,41600,9,NA,41600,no 4-year degree,0
6,30,32000,12,1,32000,no 4-year degree,0
6,34,40000,13,1,40000,no 4-year degree,0
6,35,40000,13,NA,40000,no 4-year degree,0
6,33,57011,12,NA,57011,no 4-year degree,0
6,30,118631,13,1,118631,no 4-year degree,0
6,29,15360,12,NA,15360,no 4-year degree,0
6,29,15360,12,1,15360,no 4-year degree,0
6,30,2100,12,1,2100,no 4-year degree,0
6,31,21000,9,NA,21000,no 4-year degree,0
6,35,78760,14,1,78760,no 4-year degree,0
6,33,38000,11,1,38000,no 4-year degree,0
6,35,38000,11,NA,38000,no 4-year degree,0
6,32,38000,11,NA,38000,no 4-year degree,0
6,27,108877,12,1,108877,no 4-year degree,0
6,26,108877,12,1,108877,no 4-year degree,0
6,28,205332,14,1,205332,no 4-year degree,0
6,28,63191,16,1,63191,4-year degree,1
6,29,63700,13,1,63700,no 4-year degree,0
6,27,63700,13,1,63700,no 4-year degree,0
6,25,86014,12,1,86014,no 4-year degree,0
6,27,73640,16,NA,73640,4-year degree,1
6,28,0,18,NA,0,4-year degree,1
6,34,457002,20,1,457002,4-year degree,1
6,33,457002,20,1,457002,4-year degree,1
6,32,172771,16,1,172771,4-year degree,1
6,31,195420,16,1,195420,4-year degree,1
6,31,56923,16,NA,56923,4-year degree,1
6,25,60348,14,1,60348,no 4-year degree,0
6,28,29501,18,1,29501,4-year degree,1
6,26,29501,20,NA,29501,4-year degree,1
6,30,52400,12,1,52400,no 4-year degree,0
6,32,111984,16,1,111984,4-year degree,1
6,32,40007,16,1,40007,4-year degree,1
6,33,35200,18,NA,35200,4-year degree,1
6,33,35200,18,1,35200,4-year degree,1
6,33,79001,16,1,79001,4-year degree,1
6,30,124285,16,1,124285,4-year degree,1
6,33,124285,16,1,124285,4-year degree,1
6,26,63210,16,1,63210,4-year degree,1
6,29,133005,18,1,133005,4-year degree,1
6,27,135376,12,NA,135376,no 4-year degree,0
6,28,124500,16,1,124500,4-year degree,1
6,30,124500,16,1,124500,4-year degree,1
6,29,43236,12,1,43236,no 4-year degree,0
6,28,10000,12,1,10000,no 4-year degree,0
6,29,23880,13,NA,23880,no 4-year degree,0
6,34,152022,14,NA,152022,no 4-year degree,0
6,29,152022,16,1,152022,4-year degree,1
6,28,86686,12,1,86686,no 4-year degree,0
6,26,86686,12,NA,86686,no 4-year degree,0
6,28,76243,13,1,76243,no 4-year degree,0
6,32,232000,13,1,232000,no 4-year degree,0
6,25,140000,16,NA,140000,4-year degree,1
6,29,90142,13,1,90142,no 4-year degree,0
6,28,124555,18,1,124555,4-year degree,1
6,28,124555,18,1,124555,4-year degree,1
6,30,46000,16,1,46000,4-year degree,1
6,34,62582,13,1,62582,no 4-year degree,0
6,30,62582,12,0,62582,no 4-year degree,0
6,28,62582,12,NA,62582,no 4-year degree,0
6,29,38002,13,1,38002,no 4-year degree,0
6,28,55001,12,1,55001,no 4-year degree,0
6,35,83128,12,1,83128,no 4-year degree,0
6,33,70001,16,1,70001,4-year degree,1
6,31,125643,16,1,125643,4-year degree,1
6,25,30723,18,1,30723,4-year degree,1
6,28,554000,16,1,554000,4-year degree,1
6,33,120000,14,1,120000,no 4-year degree,0
6,32,100000,16,1,100000,4-year degree,1
6,28,100035,16,1,100035,4-year degree,1
6,31,364172,16,0,364172,4-year degree,1
6,27,160200,16,1,160200,4-year degree,1
6,33,256,18,NA,256,4-year degree,1
6,28,11161,16,1,11161,4-year degree,1
6,32,118020,12,1,118020,no 4-year degree,0
6,33,118020,12,NA,118020,no 4-year degree,0
6,30,76073,16,1,76073,4-year degree,1
6,34,76073,16,1,76073,4-year degree,1
6,27,76073,16,NA,76073,4-year degree,1
6,31,86640,9,1,86640,no 4-year degree,0
6,25,169518,12,1,169518,no 4-year degree,0
6,35,45242,14,NA,45242,no 4-year degree,0
6,29,63064,13,1,63064,no 4-year degree,0
6,29,327905,18,1,327905,4-year degree,1
6,30,327905,16,1,327905,4-year degree,1
6,32,134318,14,NA,134318,no 4-year degree,0
6,27,134318,13,1,134318,no 4-year degree,0
6,29,116000,18,1,116000,4-year degree,1
6,32,30830,18,1,30830,4-year degree,1
6,35,200411,18,1,200411,4-year degree,1
6,30,164419,16,1,164419,4-year degree,1
6,33,63200,12,NA,63200,no 4-year degree,0
6,29,231616,13,NA,231616,no 4-year degree,0
6,26,153508,18,1,153508,4-year degree,1
6,28,93544,13,1,93544,no 4-year degree,0
6,27,48402,16,1,48402,4-year degree,1
6,26,48402,16,NA,48402,4-year degree,1
6,31,190601,12,1,190601,no 4-year degree,0
6,31,249966,12,NA,249966,no 4-year degree,0
6,31,249966,16,NA,249966,4-year degree,1
6,25,208593,13,1,208593,no 4-year degree,0
6,33,105000,16,1,105000,4-year degree,1
6,27,105000,16,1,105000,4-year degree,1
6,32,75100,12,1,75100,no 4-year degree,0
6,26,75100,12,1,75100,no 4-year degree,0
6,31,163900,16,1,163900,4-year degree,1
6,31,163900,18,1,163900,4-year degree,1
6,34,139641,12,1,139641,no 4-year degree,0
6,29,139641,12,1,139641,no 4-year degree,0
6,33,139641,12,1,139641,no 4-year degree,0
6,30,139641,12,1,139641,no 4-year degree,0
6,28,116250,14,NA,116250,no 4-year degree,0
6,34,67802,12,1,67802,no 4-year degree,0
6,26,67802,12,1,67802,no 4-year degree,0
6,30,26536,10,0,26536,no 4-year degree,0
6,27,0,16,NA,0,4-year degree,1
6,26,174600,16,1,174600,4-year degree,1
6,27,89070,18,1,89070,4-year degree,1
6,27,83478,13,1,83478,no 4-year degree,0
6,26,83478,12,1,83478,no 4-year degree,0
6,29,83478,12,1,83478,no 4-year degree,0
6,31,83478,12,NA,83478,no 4-year degree,0
6,25,21094,12,1,21094,no 4-year degree,0
6,32,60000,11,1,60000,no 4-year degree,0
6,25,151205,13,1,151205,no 4-year degree,0
6,26,195054,18,1,195054,4-year degree,1
6,25,195054,18,1,195054,4-year degree,1
6,33,155062,16,1,155062,4-year degree,1
6,28,76861,16,1,76861,4-year degree,1
6,29,76861,16,1,76861,4-year degree,1
6,26,66548,16,NA,66548,4-year degree,1
6,25,66548,16,NA,66548,4-year degree,1
6,28,146001,13,1,146001,no 4-year degree,0
6,33,155583,16,1,155583,4-year degree,1
6,26,155583,14,1,155583,no 4-year degree,0
6,28,84500,13,1,84500,no 4-year degree,0
6,28,107480,12,1,107480,no 4-year degree,0
6,32,230811,16,1,230811,4-year degree,1
6,34,230811,18,1,230811,4-year degree,1
6,26,57045,16,1,57045,4-year degree,1
6,32,172601,16,1,172601,4-year degree,1
6,34,551002,20,1,551002,4-year degree,1
6,32,63836,12,1,63836,no 4-year degree,0
6,35,63836,12,1,63836,no 4-year degree,0
6,27,144150,16,1,144150,4-year degree,1
6,31,40000,13,1,40000,no 4-year degree,0
6,27,25650,9,1,25650,no 4-year degree,0
6,35,80000,13,1,80000,no 4-year degree,0
6,29,320019,16,1,320019,4-year degree,1
6,29,320019,18,1,320019,4-year degree,1
6,30,50000,12,1,50000,no 4-year degree,0
6,27,50000,13,NA,50000,no 4-year degree,0
6,29,50024,13,1,50024,no 4-year degree,0
6,30,50024,13,1,50024,no 4-year degree,0
6,27,13010,16,1,13010,4-year degree,1
6,32,174008,16,1,174008,4-year degree,1
6,34,174008,16,1,174008,4-year degree,1
6,30,294300,16,1,294300,4-year degree,1
6,30,294300,16,1,294300,4-year degree,1
6,31,72231,16,1,72231,4-year degree,1
6,31,140841,16,1,140841,4-year degree,1
6,31,40164,12,NA,40164,no 4-year degree,0
6,34,63000,12,1,63000,no 4-year degree,0
6,28,150006,13,1,150006,no 4-year degree,0
6,28,150006,13,1,150006,no 4-year degree,0
6,32,205360,14,1,205360,no 4-year degree,0
6,31,205360,18,1,205360,4-year degree,1
6,27,106536,16,1,106536,4-year degree,1
6,26,120000,12,1,120000,no 4-year degree,0
6,33,162085,16,1,162085,4-year degree,1
6,27,203733,16,NA,203733,4-year degree,1
6,27,203733,14,1,203733,no 4-year degree,0
6,35,186110,16,1,186110,4-year degree,1
6,26,71003,16,1,71003,4-year degree,1
6,25,115000,12,1,115000,no 4-year degree,0
6,28,161862,12,1,161862,no 4-year degree,0
6,32,161862,12,1,161862,no 4-year degree,0
6,26,161862,12,NA,161862,no 4-year degree,0
6,32,448431,18,1,448431,4-year degree,1
6,28,448431,18,1,448431,4-year degree,1
6,32,138200,13,1,138200,no 4-year degree,0
6,31,138200,16,1,138200,4-year degree,1
6,32,77000,13,1,77000,no 4-year degree,0
6,26,203660,12,1,203660,no 4-year degree,0
6,26,101500,13,1,101500,no 4-year degree,0
6,29,213050,11,0,213050,no 4-year degree,0
6,25,264706,16,1,264706,4-year degree,1
6,25,182000,16,1,182000,4-year degree,1
6,29,176367,13,0,176367,no 4-year degree,0
6,31,125786,13,NA,125786,no 4-year degree,0
6,29,125786,14,1,125786,no 4-year degree,0
6,33,621892,12,1,621892,no 4-year degree,0
6,31,47001,12,1,47001,no 4-year degree,0
6,32,1340,12,1,1340,no 4-year degree,0
6,26,1340,12,1,1340,no 4-year degree,0
6,32,231003,12,1,231003,no 4-year degree,0
6,31,231003,14,1,231003,no 4-year degree,0
6,31,231003,14,1,231003,no 4-year degree,0
6,35,158702,13,1,158702,no 4-year degree,0
6,32,158702,13,NA,158702,no 4-year degree,0
6,28,319743,20,1,319743,4-year degree,1
6,29,40000,12,1,40000,no 4-year degree,0
6,28,40000,12,1,40000,no 4-year degree,0
6,31,180401,16,1,180401,4-year degree,1
6,27,180401,16,1,180401,4-year degree,1
6,34,235024,12,1,235024,no 4-year degree,0
6,35,235024,18,1,235024,4-year degree,1
6,26,91221,12,1,91221,no 4-year degree,0
6,26,91221,13,NA,91221,no 4-year degree,0
6,35,122998,18,1,122998,4-year degree,1
6,25,302021,12,1,302021,no 4-year degree,0
6,27,133753,12,1,133753,no 4-year degree,0
6,25,20520,12,1,20520,no 4-year degree,0
6,34,90000,16,1,90000,4-year degree,1
6,34,90000,16,1,90000,4-year degree,1
6,33,162004,13,1,162004,no 4-year degree,0
6,32,130000,12,NA,130000,no 4-year degree,0
6,29,141162,14,1,141162,no 4-year degree,0
6,32,148340,13,1,148340,no 4-year degree,0
6,28,148340,13,1,148340,no 4-year degree,0
6,34,103400,14,NA,103400,no 4-year degree,0
6,34,103400,16,1,103400,4-year degree,1
6,25,140512,16,1,140512,4-year degree,1
6,31,140512,16,1,140512,4-year degree,1
6,27,140512,16,1,140512,4-year degree,1
6,33,0,12,1,0,no 4-year degree,0
6,25,100001,11,NA,100001,no 4-year degree,0
6,35,71012,16,NA,71012,4-year degree,1
6,30,110383,16,1,110383,4-year degree,1
6,26,110383,13,1,110383,no 4-year degree,0
6,34,452680,12,1,452680,no 4-year degree,0
6,35,452680,12,1,452680,no 4-year degree,0
6,35,452680,12,1,452680,no 4-year degree,0
6,29,452680,12,1,452680,no 4-year degree,0
6,30,452680,12,1,452680,no 4-year degree,0
6,35,249372,20,1,249372,4-year degree,1
6,26,49405,12,0,49405,no 4-year degree,0
6,34,130425,11,NA,130425,no 4-year degree,0
6,27,130425,12,1,130425,no 4-year degree,0
6,32,116570,12,NA,116570,no 4-year degree,0
6,33,116570,12,1,116570,no 4-year degree,0
6,30,312800,9,NA,312800,no 4-year degree,0
6,30,312800,11,NA,312800,no 4-year degree,0
6,34,43005,13,1,43005,no 4-year degree,0
6,26,168860,12,1,168860,no 4-year degree,0
6,29,61000,12,1,61000,no 4-year degree,0
6,35,131000,16,1,131000,4-year degree,1
6,25,326867,12,1,326867,no 4-year degree,0
6,27,326867,16,1,326867,4-year degree,1
6,34,326867,12,1,326867,no 4-year degree,0
6,34,100742,13,1,100742,no 4-year degree,0
6,33,100742,16,NA,100742,4-year degree,1
6,32,103007,12,1,103007,no 4-year degree,0
6,28,103007,12,1,103007,no 4-year degree,0
6,32,103007,12,NA,103007,no 4-year degree,0
6,30,59980,12,1,59980,no 4-year degree,0
6,29,59980,12,NA,59980,no 4-year degree,0
6,28,193177,13,0,193177,no 4-year degree,0
6,33,83672,13,1,83672,no 4-year degree,0
6,26,96400,12,1,96400,no 4-year degree,0
6,27,234371,12,1,234371,no 4-year degree,0
6,32,234371,12,1,234371,no 4-year degree,0
6,32,24090,13,NA,24090,no 4-year degree,0
6,33,24090,13,1,24090,no 4-year degree,0
6,31,56674,11,1,56674,no 4-year degree,0
6,29,138100,12,1,138100,no 4-year degree,0
6,25,60006,12,1,60006,no 4-year degree,0
6,25,60006,13,NA,60006,no 4-year degree,0
6,35,51040,12,1,51040,no 4-year degree,0
6,34,68000,13,1,68000,no 4-year degree,0
6,33,20901,12,1,20901,no 4-year degree,0
6,35,20901,12,1,20901,no 4-year degree,0
6,32,133103,14,1,133103,no 4-year degree,0
6,31,133103,13,NA,133103,no 4-year degree,0
6,31,68424,12,1,68424,no 4-year degree,0
6,34,25000,12,1,25000,no 4-year degree,0
6,34,33250,14,1,33250,no 4-year degree,0
6,30,33250,13,1,33250,no 4-year degree,0
6,30,56000,12,NA,56000,no 4-year degree,0
6,32,99600,12,NA,99600,no 4-year degree,0
6,26,150040,16,NA,150040,4-year degree,1
6,35,117600,16,1,117600,4-year degree,1
6,30,95112,16,NA,95112,4-year degree,1
6,31,203151,18,1,203151,4-year degree,1
6,31,116000,16,1,116000,4-year degree,1
6,32,116000,13,1,116000,no 4-year degree,0
6,34,31400,10,1,31400,no 4-year degree,0
6,32,47000,13,1,47000,no 4-year degree,0
6,35,140004,18,NA,140004,4-year degree,1
6,29,227989,14,1,227989,no 4-year degree,0
6,31,37398,13,1,37398,no 4-year degree,0
6,35,115010,12,1,115010,no 4-year degree,0
6,33,115010,12,1,115010,no 4-year degree,0
6,29,148000,9,1,148000,no 4-year degree,0
6,30,148000,9,1,148000,no 4-year degree,0
6,31,148000,12,1,148000,no 4-year degree,0
6,27,131030,13,NA,131030,no 4-year degree,0
6,31,131030,12,1,131030,no 4-year degree,0
6,32,131030,12,1,131030,no 4-year degree,0
6,29,131030,12,1,131030,no 4-year degree,0
6,26,17400,16,1,17400,4-year degree,1
6,35,129366,12,1,129366,no 4-year degree,0
6,34,129366,12,1,129366,no 4-year degree,0
6,28,121000,18,1,121000,4-year degree,1
6,33,60000,14,1,60000,no 4-year degree,0
6,30,60000,11,1,60000,no 4-year degree,0
6,35,252498,13,1,252498,no 4-year degree,0
6,27,17100,16,NA,17100,4-year degree,1
6,26,123000,14,1,123000,no 4-year degree,0
6,33,30020,13,1,30020,no 4-year degree,0
6,32,203509,13,1,203509,no 4-year degree,0
6,32,203509,18,1,203509,4-year degree,1
6,31,222749,16,1,222749,4-year degree,1
6,31,221103,12,1,221103,no 4-year degree,0
6,27,221103,12,1,221103,no 4-year degree,0
6,26,10000,16,1,10000,4-year degree,1
6,28,35000,13,1,35000,no 4-year degree,0
6,35,105820,12,NA,105820,no 4-year degree,0
6,32,35000,12,1,35000,no 4-year degree,0
6,33,95011,13,1,95011,no 4-year degree,0
6,34,35001,11,NA,35001,no 4-year degree,0
6,26,208001,12,1,208001,no 4-year degree,0
6,32,208001,16,1,208001,4-year degree,1
6,32,162000,16,1,162000,4-year degree,1
6,30,162000,16,1,162000,4-year degree,1
6,30,149212,13,1,149212,no 4-year degree,0
6,32,149212,14,1,149212,no 4-year degree,0
6,27,44000,12,1,44000,no 4-year degree,0
6,35,81170,11,NA,81170,no 4-year degree,0
6,34,81170,13,1,81170,no 4-year degree,0
6,31,25494,13,1,25494,no 4-year degree,0
6,31,78000,13,1,78000,no 4-year degree,0
6,31,78000,12,1,78000,no 4-year degree,0
6,30,92820,16,1,92820,4-year degree,1
6,34,38721,14,1,38721,no 4-year degree,0
6,30,256000,16,1,256000,4-year degree,1
6,29,256000,18,1,256000,4-year degree,1
6,28,162615,14,1,162615,no 4-year degree,0
6,25,95000,12,1,95000,no 4-year degree,0
6,32,24801,12,1,24801,no 4-year degree,0
6,30,24801,12,NA,24801,no 4-year degree,0
6,35,325100,18,1,325100,4-year degree,1
6,26,273201,18,1,273201,4-year degree,1
6,27,273201,16,1,273201,4-year degree,1
6,27,73448,14,1,73448,no 4-year degree,0
6,26,90400,16,1,90400,4-year degree,1
6,32,48556,9,NA,48556,no 4-year degree,0
6,27,179500,16,1,179500,4-year degree,1
6,32,179500,16,1,179500,4-year degree,1
6,31,70020,12,NA,70020,no 4-year degree,0
6,31,70020,11,NA,70020,no 4-year degree,0
6,31,63730,13,1,63730,no 4-year degree,0
6,30,63730,13,1,63730,no 4-year degree,0
6,25,71941,13,1,71941,no 4-year degree,0
6,26,29001,13,1,29001,no 4-year degree,0
6,35,106721,16,1,106721,4-year degree,1
6,32,57800,13,NA,57800,no 4-year degree,0
6,34,65620,12,1,65620,no 4-year degree,0
6,31,150168,14,1,150168,no 4-year degree,0
6,33,104345,13,NA,104345,no 4-year degree,0
6,33,104345,13,1,104345,no 4-year degree,0
6,31,75022,14,1,75022,no 4-year degree,0
6,32,50010,16,1,50010,4-year degree,1
6,30,64160,12,1,64160,no 4-year degree,0
6,34,122026,16,1,122026,4-year degree,1
6,33,122026,13,1,122026,no 4-year degree,0
6,34,185512,16,1,185512,4-year degree,1
6,34,105032,16,1,105032,4-year degree,1
6,30,105032,18,1,105032,4-year degree,1
6,32,23007,11,1,23007,no 4-year degree,0
6,27,18000,11,1,18000,no 4-year degree,0
6,35,106481,16,1,106481,4-year degree,1
6,31,177067,16,NA,177067,4-year degree,1
6,27,20002,12,1,20002,no 4-year degree,0
6,33,82519,13,1,82519,no 4-year degree,0
6,28,82519,13,1,82519,no 4-year degree,0
6,29,82519,16,1,82519,4-year degree,1
6,34,208046,16,1,208046,4-year degree,1
6,35,208046,12,1,208046,no 4-year degree,0
6,27,80025,13,1,80025,no 4-year degree,0
6,27,80025,16,1,80025,4-year degree,1
6,33,100075,12,1,100075,no 4-year degree,0
6,33,100075,12,1,100075,no 4-year degree,0
6,31,157443,16,1,157443,4-year degree,1
6,31,80000,14,1,80000,no 4-year degree,0
6,33,0,13,NA,0,no 4-year degree,0
6,35,72000,13,1,72000,no 4-year degree,0
6,29,177200,13,1,177200,no 4-year degree,0
6,28,177200,16,1,177200,4-year degree,1
6,25,22000,14,1,22000,no 4-year degree,0
6,27,22000,12,1,22000,no 4-year degree,0
6,25,25000,12,NA,25000,no 4-year degree,0
6,27,118000,16,1,118000,4-year degree,1
6,28,118000,13,1,118000,no 4-year degree,0
6,31,165140,13,1,165140,no 4-year degree,0
6,30,165140,16,1,165140,4-year degree,1
6,29,19062,13,NA,19062,no 4-year degree,0
6,25,95840,14,1,95840,no 4-year degree,0
6,35,113400,16,1,113400,4-year degree,1
6,26,10350,12,NA,10350,no 4-year degree,0
6,32,93000,16,1,93000,4-year degree,1
6,32,93000,18,1,93000,4-year degree,1
6,27,16523,11,0,16523,no 4-year degree,0
6,34,72000,13,1,72000,no 4-year degree,0
6,32,9081,13,1,9081,no 4-year degree,0
6,25,77000,13,NA,77000,no 4-year degree,0
6,31,10001,16,1,10001,4-year degree,1
6,28,10001,16,NA,10001,4-year degree,1
6,25,79002,12,1,79002,no 4-year degree,0
6,31,137420,16,1,137420,4-year degree,1
6,26,137420,12,NA,137420,no 4-year degree,0
6,34,400014,18,1,400014,4-year degree,1
6,34,70000,14,1,70000,no 4-year degree,0
6,35,70000,13,1,70000,no 4-year degree,0
6,33,175004,14,1,175004,no 4-year degree,0
6,34,27892,12,1,27892,no 4-year degree,0
6,35,27892,10,1,27892,no 4-year degree,0
6,25,55003,14,1,55003,no 4-year degree,0
6,31,82304,13,1,82304,no 4-year degree,0
6,30,82304,18,1,82304,4-year degree,1
6,27,53801,12,1,53801,no 4-year degree,0
6,32,196243,12,1,196243,no 4-year degree,0
6,26,26600,11,1,26600,no 4-year degree,0
6,25,26600,11,1,26600,no 4-year degree,0
6,29,40236,13,1,40236,no 4-year degree,0
6,34,63000,13,1,63000,no 4-year degree,0
6,28,110020,12,NA,110020,no 4-year degree,0
6,28,110020,13,1,110020,no 4-year degree,0
6,29,85343,16,NA,85343,4-year degree,1
6,25,85343,14,NA,85343,no 4-year degree,0
6,31,187078,12,1,187078,no 4-year degree,0
6,27,187078,16,1,187078,4-year degree,1
6,29,60000,18,1,60000,4-year degree,1
6,25,195024,13,NA,195024,no 4-year degree,0
6,26,130130,13,NA,130130,no 4-year degree,0
6,28,130130,13,1,130130,no 4-year degree,0
6,35,86000,12,1,86000,no 4-year degree,0
6,31,68602,9,1,68602,no 4-year degree,0
6,31,0,11,NA,0,no 4-year degree,0
6,26,100692,16,1,100692,4-year degree,1
6,35,126411,11,1,126411,no 4-year degree,0
6,32,143408,14,1,143408,no 4-year degree,0
6,35,143408,12,1,143408,no 4-year degree,0
6,33,185700,13,1,185700,no 4-year degree,0
6,28,29004,13,1,29004,no 4-year degree,0
6,31,29004,12,1,29004,no 4-year degree,0
6,28,30982,13,1,30982,no 4-year degree,0
6,27,141090,14,1,141090,no 4-year degree,0
6,28,120040,16,1,120040,4-year degree,1
6,28,120040,18,1,120040,4-year degree,1
6,34,130000,14,1,130000,no 4-year degree,0
6,34,130000,14,1,130000,no 4-year degree,0
6,25,38681,12,NA,38681,no 4-year degree,0
6,33,48862,12,NA,48862,no 4-year degree,0
6,34,30824,14,1,30824,no 4-year degree,0
6,30,4500,13,1,4500,no 4-year degree,0
6,35,4500,12,0,4500,no 4-year degree,0
6,29,185114,12,1,185114,no 4-year degree,0
6,32,32000,13,1,32000,no 4-year degree,0
6,31,86092,12,NA,86092,no 4-year degree,0
6,32,50002,12,1,50002,no 4-year degree,0
6,32,50002,14,1,50002,no 4-year degree,0
6,27,83240,12,1,83240,no 4-year degree,0
6,29,52802,12,NA,52802,no 4-year degree,0
6,27,52802,12,NA,52802,no 4-year degree,0
6,35,80000,12,1,80000,no 4-year degree,0
6,35,253800,16,1,253800,4-year degree,1
6,31,60030,16,1,60030,4-year degree,1
6,25,60030,13,NA,60030,no 4-year degree,0
6,33,63840,11,0,63840,no 4-year degree,0
6,35,63840,10,1,63840,no 4-year degree,0
6,29,20982,14,NA,20982,no 4-year degree,0
6,33,319836,18,0,319836,4-year degree,1
6,30,319836,16,0,319836,4-year degree,1
6,31,91600,12,1,91600,no 4-year degree,0
6,35,52222,13,1,52222,no 4-year degree,0
6,33,70060,12,1,70060,no 4-year degree,0
6,26,70060,12,1,70060,no 4-year degree,0
6,34,115025,12,NA,115025,no 4-year degree,0
6,27,115025,12,NA,115025,no 4-year degree,0
6,29,145812,12,1,145812,no 4-year degree,0
6,27,97658,13,1,97658,no 4-year degree,0
6,27,97658,18,1,97658,4-year degree,1
6,25,79004,12,1,79004,no 4-year degree,0
6,25,157416,14,1,157416,no 4-year degree,0
6,28,50000,13,1,50000,no 4-year degree,0
6,31,50000,12,1,50000,no 4-year degree,0
6,29,68451,16,1,68451,4-year degree,1
6,26,94464,12,1,94464,no 4-year degree,0
6,25,94464,16,1,94464,4-year degree,1
6,34,219535,12,NA,219535,no 4-year degree,0
6,26,17922,12,NA,17922,no 4-year degree,0
6,29,17922,13,NA,17922,no 4-year degree,0
6,26,55000,14,1,55000,no 4-year degree,0
6,28,38280,11,0,38280,no 4-year degree,0
6,32,30020,12,NA,30020,no 4-year degree,0
6,30,104742,14,1,104742,no 4-year degree,0
6,31,104742,16,1,104742,4-year degree,1
6,28,41000,13,NA,41000,no 4-year degree,0
6,27,37006,13,NA,37006,no 4-year degree,0
6,35,170570,18,1,170570,4-year degree,1
6,29,173169,12,NA,173169,no 4-year degree,0
6,33,173169,12,1,173169,no 4-year degree,0
6,27,173169,12,1,173169,no 4-year degree,0
6,31,20000,11,1,20000,no 4-year degree,0
6,26,129105,14,1,129105,no 4-year degree,0
6,25,129105,12,1,129105,no 4-year degree,0
6,29,50003,12,1,50003,no 4-year degree,0
6,29,50003,12,NA,50003,no 4-year degree,0
6,26,125802,12,1,125802,no 4-year degree,0
6,26,188000,13,1,188000,no 4-year degree,0
6,27,188000,12,1,188000,no 4-year degree,0
6,30,0,13,NA,0,no 4-year degree,0
6,33,0,13,NA,0,no 4-year degree,0
6,31,50378,16,1,50378,4-year degree,1
6,34,185100,20,1,185100,4-year degree,1
6,35,185100,13,NA,185100,no 4-year degree,0
6,31,110000,18,1,110000,4-year degree,1
6,27,110000,16,NA,110000,4-year degree,1
6,33,55172,12,NA,55172,no 4-year degree,0
6,32,55172,12,1,55172,no 4-year degree,0
6,35,357603,14,1,357603,no 4-year degree,0
6,31,240544,12,1,240544,no 4-year degree,0
6,28,276169,16,1,276169,4-year degree,1
6,27,276169,12,1,276169,no 4-year degree,0
6,27,130500,13,1,130500,no 4-year degree,0
6,27,52500,12,1,52500,no 4-year degree,0
6,31,152823,13,1,152823,no 4-year degree,0
6,29,152823,13,1,152823,no 4-year degree,0
6,34,90000,12,1,90000,no 4-year degree,0
6,31,266905,13,0,266905,no 4-year degree,0
6,27,266905,16,1,266905,4-year degree,1
6,25,30023,12,1,30023,no 4-year degree,0
6,31,40000,12,1,40000,no 4-year degree,0
6,26,124005,12,0,124005,no 4-year degree,0
6,25,124005,12,0,124005,no 4-year degree,0
6,33,52600,13,NA,52600,no 4-year degree,0
6,32,50596,12,1,50596,no 4-year degree,0
6,28,50596,12,NA,50596,no 4-year degree,0
6,30,79004,13,1,79004,no 4-year degree,0
6,30,79004,13,NA,79004,no 4-year degree,0
6,27,236010,12,1,236010,no 4-year degree,0
6,26,236010,12,1,236010,no 4-year degree,0
6,26,102000,16,1,102000,4-year degree,1
6,35,45000,12,NA,45000,no 4-year degree,0
6,26,53000,13,0,53000,no 4-year degree,0
6,34,125532,16,1,125532,4-year degree,1
6,31,159460,14,1,159460,no 4-year degree,0
6,30,159460,14,1,159460,no 4-year degree,0
6,28,159460,14,1,159460,no 4-year degree,0
6,30,25384,14,NA,25384,no 4-year degree,0
6,31,30020,13,1,30020,no 4-year degree,0
6,34,48000,16,1,48000,4-year degree,1
6,29,48000,18,NA,48000,4-year degree,1
6,32,55000,12,1,55000,no 4-year degree,0
6,25,28820,14,1,28820,no 4-year degree,0
6,28,167220,12,1,167220,no 4-year degree,0
6,33,32000,12,1,32000,no 4-year degree,0
6,33,33750,14,1,33750,no 4-year degree,0
6,28,36000,11,NA,36000,no 4-year degree,0
6,32,36000,11,1,36000,no 4-year degree,0
6,28,31300,13,1,31300,no 4-year degree,0
6,25,160916,12,1,160916,no 4-year degree,0
6,32,226407,12,NA,226407,no 4-year degree,0
6,26,76303,12,1,76303,no 4-year degree,0
6,33,76303,12,1,76303,no 4-year degree,0
6,26,76303,12,NA,76303,no 4-year degree,0
6,28,87006,16,1,87006,4-year degree,1
6,33,126000,13,1,126000,no 4-year degree,0
6,34,42000,13,1,42000,no 4-year degree,0
6,35,62110,12,1,62110,no 4-year degree,0
6,25,65000,13,1,65000,no 4-year degree,0
6,28,106182,12,NA,106182,no 4-year degree,0
6,32,60000,18,1,60000,4-year degree,1
6,31,60000,16,NA,60000,4-year degree,1
6,30,55200,12,1,55200,no 4-year degree,0
6,30,55200,12,1,55200,no 4-year degree,0
6,27,51490,12,1,51490,no 4-year degree,0
6,30,168800,13,1,168800,no 4-year degree,0
6,34,54000,11,1,54000,no 4-year degree,0
6,27,54000,12,1,54000,no 4-year degree,0
6,35,74301,12,NA,74301,no 4-year degree,0
6,31,114000,16,1,114000,4-year degree,1
6,32,114000,16,1,114000,4-year degree,1
6,26,204802,16,1,204802,4-year degree,1
6,34,52132,9,1,52132,no 4-year degree,0
6,31,58488,14,1,58488,no 4-year degree,0
6,26,58488,16,NA,58488,4-year degree,1
6,31,194010,14,1,194010,no 4-year degree,0
6,28,194010,14,1,194010,no 4-year degree,0
6,29,75000,11,1,75000,no 4-year degree,0
6,28,75000,12,1,75000,no 4-year degree,0
6,34,0,14,NA,0,no 4-year degree,0
6,33,47840,11,1,47840,no 4-year degree,0
6,32,47840,11,NA,47840,no 4-year degree,0
6,30,224000,12,1,224000,no 4-year degree,0
6,26,224000,12,1,224000,no 4-year degree,0
6,33,75000,12,1,75000,no 4-year degree,0
6,35,75000,12,1,75000,no 4-year degree,0
6,29,60602,13,NA,60602,no 4-year degree,0
6,35,154000,18,1,154000,4-year degree,1
6,33,154000,18,1,154000,4-year degree,1
6,31,39000,12,NA,39000,no 4-year degree,0
6,26,120964,13,1,120964,no 4-year degree,0
6,26,120964,12,1,120964,no 4-year degree,0
6,26,100000,12,1,100000,no 4-year degree,0
6,33,26000,12,1,26000,no 4-year degree,0
6,30,126300,12,NA,126300,no 4-year degree,0
6,25,126300,13,1,126300,no 4-year degree,0
6,35,75000,12,1,75000,no 4-year degree,0
6,25,84000,13,NA,84000,no 4-year degree,0
6,32,39262,12,1,39262,no 4-year degree,0
6,26,39262,13,NA,39262,no 4-year degree,0
6,27,35000,12,1,35000,no 4-year degree,0
6,28,72000,12,1,72000,no 4-year degree,0
6,28,72000,12,NA,72000,no 4-year degree,0
6,31,87000,18,NA,87000,4-year degree,1
6,26,87000,16,NA,87000,4-year degree,1
6,27,15000,16,1,15000,4-year degree,1
6,27,15000,14,1,15000,no 4-year degree,0
6,32,37000,13,1,37000,no 4-year degree,0
6,27,37000,13,0,37000,no 4-year degree,0
6,32,267696,12,1,267696,no 4-year degree,0
6,29,267696,12,0,267696,no 4-year degree,0
6,31,138057,13,1,138057,no 4-year degree,0
6,31,138057,14,1,138057,no 4-year degree,0
6,34,70002,12,1,70002,no 4-year degree,0
6,30,142003,13,1,142003,no 4-year degree,0
6,26,142003,13,1,142003,no 4-year degree,0
6,35,101000,13,1,101000,no 4-year degree,0
6,31,101000,13,1,101000,no 4-year degree,0
6,29,93370,16,1,93370,4-year degree,1
6,29,93370,12,1,93370,no 4-year degree,0
6,31,66000,13,1,66000,no 4-year degree,0
6,32,66000,13,1,66000,no 4-year degree,0
6,30,113600,18,1,113600,4-year degree,1
6,34,111900,20,1,111900,4-year degree,1
6,29,181000,18,1,181000,4-year degree,1
6,29,181000,18,NA,181000,4-year degree,1
6,26,83120,16,1,83120,4-year degree,1
6,31,70606,16,0,70606,4-year degree,1
6,31,70606,18,1,70606,4-year degree,1
6,33,65000,18,1,65000,4-year degree,1
6,34,65000,12,NA,65000,no 4-year degree,0
6,29,42000,11,1,42000,no 4-year degree,0
6,26,42000,12,NA,42000,no 4-year degree,0
6,31,110511,16,1,110511,4-year degree,1
6,29,110511,16,1,110511,4-year degree,1
6,25,139800,14,NA,139800,no 4-year degree,0
6,28,12720,12,NA,12720,no 4-year degree,0
6,32,148004,16,1,148004,4-year degree,1
6,31,148004,13,1,148004,no 4-year degree,0
6,35,121928,14,1,121928,no 4-year degree,0
6,30,121928,13,NA,121928,no 4-year degree,0
6,30,121928,13,1,121928,no 4-year degree,0
6,28,51000,16,NA,51000,4-year degree,1
6,30,51000,14,1,51000,no 4-year degree,0
6,29,130400,12,1,130400,no 4-year degree,0
6,31,152554,13,1,152554,no 4-year degree,0
6,35,149018,16,1,149018,4-year degree,1
6,25,88491,12,1,88491,no 4-year degree,0
6,25,88491,14,1,88491,no 4-year degree,0
6,33,99590,12,1,99590,no 4-year degree,0
6,34,99590,16,1,99590,4-year degree,1
6,35,150200,16,NA,150200,4-year degree,1
6,34,100200,13,1,100200,no 4-year degree,0
6,33,8470,12,NA,8470,no 4-year degree,0
6,29,40010,16,1,40010,4-year degree,1
6,27,146001,13,NA,146001,no 4-year degree,0
6,29,146001,12,1,146001,no 4-year degree,0
6,35,146001,12,1,146001,no 4-year degree,0
6,33,146001,12,1,146001,no 4-year degree,0
6,29,54741,14,1,54741,no 4-year degree,0
6,29,54741,12,1,54741,no 4-year degree,0
6,32,112752,18,1,112752,4-year degree,1
6,26,230249,16,1,230249,4-year degree,1
6,32,114766,18,1,114766,4-year degree,1
6,27,108371,20,1,108371,4-year degree,1
6,33,156611,13,1,156611,no 4-year degree,0
6,33,80012,18,1,80012,4-year degree,1
6,28,75002,12,1,75002,no 4-year degree,0
6,28,75002,13,1,75002,no 4-year degree,0
6,28,214981,16,1,214981,4-year degree,1
6,35,254156,16,1,254156,4-year degree,1
6,35,254156,14,1,254156,no 4-year degree,0
6,33,157122,18,1,157122,4-year degree,1
6,27,131232,13,NA,131232,no 4-year degree,0
6,34,157155,13,1,157155,no 4-year degree,0
6,34,157155,12,1,157155,no 4-year degree,0
6,25,123435,12,1,123435,no 4-year degree,0
6,30,156780,12,1,156780,no 4-year degree,0
6,33,156780,14,1,156780,no 4-year degree,0
6,26,109609,16,1,109609,4-year degree,1
6,32,109609,16,1,109609,4-year degree,1
6,26,109609,16,1,109609,4-year degree,1
6,31,119006,14,1,119006,no 4-year degree,0
6,33,119006,12,1,119006,no 4-year degree,0
6,33,119006,12,1,119006,no 4-year degree,0
6,35,98612,12,1,98612,no 4-year degree,0
6,28,513023,12,NA,513023,no 4-year degree,0
6,35,71627,12,0,71627,no 4-year degree,0
6,27,71627,12,NA,71627,no 4-year degree,0
6,33,121151,14,1,121151,no 4-year degree,0
6,28,121151,14,1,121151,no 4-year degree,0
6,29,296238,18,1,296238,4-year degree,1
6,34,25001,12,1,25001,no 4-year degree,0
6,27,101850,16,1,101850,4-year degree,1
6,27,101850,12,1,101850,no 4-year degree,0
6,35,75005,12,1,75005,no 4-year degree,0
6,35,75005,12,1,75005,no 4-year degree,0
6,28,67441,13,1,67441,no 4-year degree,0
6,32,80785,13,NA,80785,no 4-year degree,0
6,32,60705,16,1,60705,4-year degree,1
6,31,14984,13,NA,14984,no 4-year degree,0
6,27,50000,12,1,50000,no 4-year degree,0
6,34,15001,14,1,15001,no 4-year degree,0
6,34,15001,13,NA,15001,no 4-year degree,0
6,34,38364,16,NA,38364,4-year degree,1
6,30,80000,12,1,80000,no 4-year degree,0
6,32,101437,12,1,101437,no 4-year degree,0
6,34,45082,13,1,45082,no 4-year degree,0
6,27,28110,13,1,28110,no 4-year degree,0
6,29,145609,12,1,145609,no 4-year degree,0
6,26,84510,12,1,84510,no 4-year degree,0
6,26,84510,13,1,84510,no 4-year degree,0
6,30,23802,12,1,23802,no 4-year degree,0
6,26,45966,12,1,45966,no 4-year degree,0
6,26,85367,12,1,85367,no 4-year degree,0
6,33,68000,12,1,68000,no 4-year degree,0
6,35,68000,12,1,68000,no 4-year degree,0
6,31,206584,13,NA,206584,no 4-year degree,0
6,35,101407,16,NA,101407,4-year degree,1
6,33,37070,12,1,37070,no 4-year degree,0
6,31,45022,16,1,45022,4-year degree,1
6,25,45022,12,NA,45022,no 4-year degree,0
6,33,50004,18,1,50004,4-year degree,1
6,30,50004,14,1,50004,no 4-year degree,0
6,33,32243,16,1,32243,4-year degree,1
6,29,80450,13,NA,80450,no 4-year degree,0
6,31,80450,12,1,80450,no 4-year degree,0
6,33,85000,14,1,85000,no 4-year degree,0
6,33,140433,18,1,140433,4-year degree,1
6,32,124126,18,1,124126,4-year degree,1
6,29,124126,13,1,124126,no 4-year degree,0
6,33,246501,18,1,246501,4-year degree,1
6,30,22000,18,0,22000,4-year degree,1
6,30,22000,12,NA,22000,no 4-year degree,0
6,34,30000,16,NA,30000,4-year degree,1
6,31,47002,12,1,47002,no 4-year degree,0
6,28,47002,12,NA,47002,no 4-year degree,0
6,35,130112,16,1,130112,4-year degree,1
6,32,116506,18,NA,116506,4-year degree,1
6,28,116506,18,1,116506,4-year degree,1
6,27,12800,12,1,12800,no 4-year degree,0
6,28,54902,12,1,54902,no 4-year degree,0
6,28,54902,13,NA,54902,no 4-year degree,0
6,26,30000,13,NA,30000,no 4-year degree,0
6,26,36170,16,1,36170,4-year degree,1
6,31,118477,20,1,118477,4-year degree,1
6,28,60101,16,1,60101,4-year degree,1
6,29,60101,14,1,60101,no 4-year degree,0
6,30,62024,16,1,62024,4-year degree,1
6,32,199010,12,NA,199010,no 4-year degree,0
6,29,90790,12,NA,90790,no 4-year degree,0
6,28,214900,12,1,214900,no 4-year degree,0
6,30,155777,16,1,155777,4-year degree,1
6,30,155777,16,1,155777,4-year degree,1
6,29,64000,12,1,64000,no 4-year degree,0
6,30,412406,14,1,412406,no 4-year degree,0
6,29,187840,12,1,187840,no 4-year degree,0
6,29,55344,16,NA,55344,4-year degree,1
6,30,19513,16,NA,19513,4-year degree,1
6,30,113000,16,1,113000,4-year degree,1
6,28,137595,12,1,137595,no 4-year degree,0
6,30,234007,16,1,234007,4-year degree,1
6,31,7001,16,1,7001,4-year degree,1
6,29,105840,12,0,105840,no 4-year degree,0
6,29,105840,16,1,105840,4-year degree,1
6,30,49200,12,1,49200,no 4-year degree,0
6,27,50000,12,NA,50000,no 4-year degree,0
6,28,195921,14,1,195921,no 4-year degree,0
6,35,195921,12,1,195921,no 4-year degree,0
6,32,195020,18,1,195020,4-year degree,1
6,28,62459,16,1,62459,4-year degree,1
6,32,62459,16,1,62459,4-year degree,1
6,31,41000,12,1,41000,no 4-year degree,0
6,32,41000,18,NA,41000,4-year degree,1
6,31,101454,16,1,101454,4-year degree,1
6,35,101454,16,1,101454,4-year degree,1
6,35,80000,20,1,80000,4-year degree,1
6,33,80000,18,NA,80000,4-year degree,1
6,33,130470,16,NA,130470,4-year degree,1
6,26,43500,12,0,43500,no 4-year degree,0
6,26,43500,12,1,43500,no 4-year degree,0
6,33,80023,14,1,80023,no 4-year degree,0
6,33,80023,18,1,80023,4-year degree,1
6,28,83361,13,1,83361,no 4-year degree,0
6,29,168982,13,1,168982,no 4-year degree,0
6,25,160201,18,1,160201,4-year degree,1
6,35,70079,12,NA,70079,no 4-year degree,0
6,26,108811,14,1,108811,no 4-year degree,0
6,30,108811,12,NA,108811,no 4-year degree,0
6,33,18000,12,NA,18000,no 4-year degree,0
6,31,294657,16,1,294657,4-year degree,1
6,29,44463,13,NA,44463,no 4-year degree,0
6,29,64848,12,1,64848,no 4-year degree,0
6,27,135997,16,1,135997,4-year degree,1
6,30,135997,16,1,135997,4-year degree,1
6,28,0,12,NA,0,no 4-year degree,0
6,33,132506,16,1,132506,4-year degree,1
6,34,132506,16,1,132506,4-year degree,1
6,31,162002,16,NA,162002,4-year degree,1
6,32,162002,16,NA,162002,4-year degree,1
6,31,166012,16,1,166012,4-year degree,1
6,29,272141,16,1,272141,4-year degree,1
6,30,560000,20,1,560000,4-year degree,1
6,29,560000,16,1,560000,4-year degree,1
6,28,155300,18,1,155300,4-year degree,1
6,31,155300,12,0,155300,no 4-year degree,0
6,35,82832,13,1,82832,no 4-year degree,0
6,26,22001,11,1,22001,no 4-year degree,0
6,31,50000,20,1,50000,4-year degree,1
6,30,50000,18,NA,50000,4-year degree,1
6,30,53066,20,1,53066,4-year degree,1
6,28,129699,16,1,129699,4-year degree,1
6,35,233302,18,1,233302,4-year degree,1
6,27,67002,16,1,67002,4-year degree,1
6,35,83188,14,1,83188,no 4-year degree,0
6,26,83188,12,NA,83188,no 4-year degree,0
6,25,148119,14,1,148119,no 4-year degree,0
6,25,106017,14,1,106017,no 4-year degree,0
6,25,106017,14,1,106017,no 4-year degree,0
6,33,77102,12,1,77102,no 4-year degree,0
6,26,43627,13,1,43627,no 4-year degree,0
6,30,43627,12,NA,43627,no 4-year degree,0
6,29,188055,11,1,188055,no 4-year degree,0
6,25,100501,13,NA,100501,no 4-year degree,0
6,30,100501,12,1,100501,no 4-year degree,0
6,25,100501,11,1,100501,no 4-year degree,0
6,35,86200,14,1,86200,no 4-year degree,0
6,28,221058,16,1,221058,4-year degree,1
6,26,221058,16,1,221058,4-year degree,1
6,27,97205,18,1,97205,4-year degree,1
6,29,97205,16,1,97205,4-year degree,1
6,35,64207,12,NA,64207,no 4-year degree,0
6,35,64207,14,NA,64207,no 4-year degree,0
6,33,231170,13,NA,231170,no 4-year degree,0
6,34,231170,16,1,231170,4-year degree,1
6,35,128942,20,1,128942,4-year degree,1
6,31,123100,16,1,123100,4-year degree,1
6,32,161648,16,1,161648,4-year degree,1
6,34,107302,16,1,107302,4-year degree,1
6,28,107302,12,1,107302,no 4-year degree,0
6,30,150065,16,1,150065,4-year degree,1
6,33,121502,18,1,121502,4-year degree,1
6,35,133511,18,1,133511,4-year degree,1
6,33,133511,16,NA,133511,4-year degree,1
6,26,64000,12,1,64000,no 4-year degree,0
6,26,64000,12,1,64000,no 4-year degree,0
6,30,215000,18,1,215000,4-year degree,1
6,31,215000,16,1,215000,4-year degree,1
6,32,129851,16,1,129851,4-year degree,1
6,35,190201,16,NA,190201,4-year degree,1
6,32,101264,12,NA,101264,no 4-year degree,0
6,32,107832,16,1,107832,4-year degree,1
6,35,107832,18,1,107832,4-year degree,1
6,33,163002,16,1,163002,4-year degree,1
6,32,32010,12,NA,32010,no 4-year degree,0
6,32,32010,12,NA,32010,no 4-year degree,0
6,31,71375,16,1,71375,4-year degree,1
6,30,71375,12,NA,71375,no 4-year degree,0
6,33,111864,14,1,111864,no 4-year degree,0
6,33,12,12,NA,12,no 4-year degree,0
6,28,166086,16,1,166086,4-year degree,1
6,31,166086,16,1,166086,4-year degree,1
6,34,67009,14,NA,67009,no 4-year degree,0
6,32,188601,18,1,188601,4-year degree,1
6,32,188601,18,1,188601,4-year degree,1
6,35,186000,18,1,186000,4-year degree,1
6,29,72380,16,NA,72380,4-year degree,1
6,30,136005,16,1,136005,4-year degree,1
6,33,136005,16,1,136005,4-year degree,1
6,25,130315,16,1,130315,4-year degree,1
6,30,10001,16,0,10001,4-year degree,1
6,30,109001,12,NA,109001,no 4-year degree,0
6,33,109001,12,1,109001,no 4-year degree,0
6,28,109001,12,1,109001,no 4-year degree,0
6,25,207814,12,1,207814,no 4-year degree,0
6,28,39600,12,1,39600,no 4-year degree,0
6,28,39600,12,1,39600,no 4-year degree,0
6,35,135557,16,1,135557,4-year degree,1
6,35,247772,16,1,247772,4-year degree,1
6,33,247772,16,1,247772,4-year degree,1
6,28,7268,12,NA,7268,no 4-year degree,0
6,35,271349,16,1,271349,4-year degree,1
6,32,271349,16,1,271349,4-year degree,1
6,28,271349,18,1,271349,4-year degree,1
6,35,135002,12,1,135002,no 4-year degree,0
6,27,135002,16,1,135002,4-year degree,1
6,25,126072,13,NA,126072,no 4-year degree,0
6,26,63262,16,1,63262,4-year degree,1
6,30,63262,12,1,63262,no 4-year degree,0
6,27,35600,13,1,35600,no 4-year degree,0
6,26,35600,13,1,35600,no 4-year degree,0
6,28,120052,18,1,120052,4-year degree,1
6,28,120052,16,NA,120052,4-year degree,1
6,28,83600,12,NA,83600,no 4-year degree,0
6,34,273294,16,1,273294,4-year degree,1
6,31,273294,13,1,273294,no 4-year degree,0
6,30,273294,13,1,273294,no 4-year degree,0
6,35,51000,12,NA,51000,no 4-year degree,0
6,31,51000,12,1,51000,no 4-year degree,0
6,30,40020,12,1,40020,no 4-year degree,0
6,30,40020,12,1,40020,no 4-year degree,0
6,33,108224,18,1,108224,4-year degree,1
6,26,135098,16,1,135098,4-year degree,1
6,27,106002,11,1,106002,no 4-year degree,0
6,25,106002,13,1,106002,no 4-year degree,0
6,28,25012,12,1,25012,no 4-year degree,0
6,32,70102,11,1,70102,no 4-year degree,0
6,25,76844,14,1,76844,no 4-year degree,0
6,26,48000,14,0,48000,no 4-year degree,0
6,33,25000,14,1,25000,no 4-year degree,0
6,34,100000,9,1,100000,no 4-year degree,0
6,29,100000,12,1,100000,no 4-year degree,0
6,35,185030,16,1,185030,4-year degree,1
6,30,186758,16,1,186758,4-year degree,1
6,34,186758,16,1,186758,4-year degree,1
6,27,36006,14,1,36006,no 4-year degree,0
6,29,36006,16,1,36006,4-year degree,1
6,30,404542,18,1,404542,4-year degree,1
6,31,404542,16,1,404542,4-year degree,1
6,35,155020,18,1,155020,4-year degree,1
6,35,56400,14,1,56400,no 4-year degree,0
6,34,91880,14,1,91880,no 4-year degree,0
6,26,91880,16,1,91880,4-year degree,1
6,34,124300,16,1,124300,4-year degree,1
6,34,124300,16,1,124300,4-year degree,1
6,35,88760,16,NA,88760,4-year degree,1
6,30,101438,16,1,101438,4-year degree,1
6,29,101438,16,1,101438,4-year degree,1
6,35,39000,13,1,39000,no 4-year degree,0
6,34,39000,12,1,39000,no 4-year degree,0
6,31,170021,16,NA,170021,4-year degree,1
6,31,170021,20,NA,170021,4-year degree,1
6,35,220318,18,1,220318,4-year degree,1
6,32,174261,16,1,174261,4-year degree,1
6,31,174261,18,1,174261,4-year degree,1
6,34,139002,16,0,139002,4-year degree,1
6,35,30900,13,1,30900,no 4-year degree,0
6,25,19505,13,0,19505,no 4-year degree,0
6,25,195576,16,1,195576,4-year degree,1
6,25,182510,14,1,182510,no 4-year degree,0
6,28,182510,14,1,182510,no 4-year degree,0
6,28,56000,13,1,56000,no 4-year degree,0
6,34,238902,20,1,238902,4-year degree,1
6,35,238902,20,1,238902,4-year degree,1
6,30,158500,20,1,158500,4-year degree,1
6,28,158500,18,1,158500,4-year degree,1
6,25,60923,20,1,60923,4-year degree,1
6,31,278580,18,1,278580,4-year degree,1
6,31,278580,18,1,278580,4-year degree,1
6,32,210504,16,1,210504,4-year degree,1
6,29,92009,13,1,92009,no 4-year degree,0
6,31,92009,14,1,92009,no 4-year degree,0
6,34,150340,16,NA,150340,4-year degree,1
6,35,150340,18,1,150340,4-year degree,1
6,30,84497,16,1,84497,4-year degree,1
6,25,84497,16,1,84497,4-year degree,1
6,29,98021,16,1,98021,4-year degree,1
6,34,120003,18,1,120003,4-year degree,1
6,26,40026,16,1,40026,4-year degree,1
6,28,259278,16,1,259278,4-year degree,1
6,27,259278,16,NA,259278,4-year degree,1
6,28,444385,16,1,444385,4-year degree,1
6,26,444385,16,1,444385,4-year degree,1
6,25,444385,16,1,444385,4-year degree,1
6,33,280340,18,1,280340,4-year degree,1
6,32,280340,18,1,280340,4-year degree,1
6,30,270616,18,1,270616,4-year degree,1
6,27,270616,18,1,270616,4-year degree,1
6,25,154524,16,1,154524,4-year degree,1
6,35,664860,16,1,664860,4-year degree,1
6,31,379529,16,1,379529,4-year degree,1
6,32,379529,16,1,379529,4-year degree,1
6,32,81106,18,1,81106,4-year degree,1
6,30,81106,18,1,81106,4-year degree,1
6,28,79641,20,1,79641,4-year degree,1
6,27,79641,14,1,79641,no 4-year degree,0
6,28,368905,18,1,368905,4-year degree,1
6,33,368905,18,1,368905,4-year degree,1
6,29,368905,18,1,368905,4-year degree,1
6,28,368905,18,1,368905,4-year degree,1
6,28,368905,18,1,368905,4-year degree,1
6,31,186000,18,1,186000,4-year degree,1
6,32,186000,20,1,186000,4-year degree,1
6,27,380000,18,1,380000,4-year degree,1
6,28,380000,18,1,380000,4-year degree,1
6,27,247226,14,1,247226,no 4-year degree,0
6,34,85021,12,1,85021,no 4-year degree,0
6,32,85021,16,1,85021,4-year degree,1
6,35,137610,20,1,137610,4-year degree,1
6,32,13560,11,1,13560,no 4-year degree,0
6,27,512000,16,1,512000,4-year degree,1
6,29,49015,16,1,49015,4-year degree,1
6,33,132209,13,1,132209,no 4-year degree,0
6,34,132209,16,1,132209,4-year degree,1
6,31,200840,12,1,200840,no 4-year degree,0
6,30,48000,10,1,48000,no 4-year degree,0
6,27,201803,14,0,201803,no 4-year degree,0
6,25,201803,14,1,201803,no 4-year degree,0
6,29,70966,12,NA,70966,no 4-year degree,0
6,26,277201,13,1,277201,no 4-year degree,0
6,32,99615,12,1,99615,no 4-year degree,0
6,25,99615,13,NA,99615,no 4-year degree,0
6,31,24000,20,1,24000,4-year degree,1
6,32,24000,18,NA,24000,4-year degree,1
6,34,110016,20,1,110016,4-year degree,1
6,34,110016,20,1,110016,4-year degree,1
6,33,147657,18,1,147657,4-year degree,1
6,33,147657,16,1,147657,4-year degree,1
6,30,185000,16,1,185000,4-year degree,1
6,35,261997,16,1,261997,4-year degree,1
6,26,12,20,NA,12,4-year degree,1
6,28,12,20,NA,12,4-year degree,1
6,27,146049,18,1,146049,4-year degree,1
6,34,146049,20,1,146049,4-year degree,1
6,28,125022,11,1,125022,no 4-year degree,0
6,33,156160,12,NA,156160,no 4-year degree,0
6,29,156160,18,1,156160,4-year degree,1
6,30,95096,16,1,95096,4-year degree,1
6,30,95096,16,1,95096,4-year degree,1
6,29,104307,18,1,104307,4-year degree,1
6,30,104307,16,NA,104307,4-year degree,1
6,28,51400,12,1,51400,no 4-year degree,0
6,28,43020,13,1,43020,no 4-year degree,0
6,34,330503,16,1,330503,4-year degree,1
6,35,330503,16,1,330503,4-year degree,1
6,28,73600,12,0,73600,no 4-year degree,0
6,34,49001,12,1,49001,no 4-year degree,0
6,34,49001,12,NA,49001,no 4-year degree,0
6,31,120982,11,1,120982,no 4-year degree,0
6,33,94802,9,1,94802,no 4-year degree,0
6,25,94802,11,1,94802,no 4-year degree,0
6,35,82754,11,1,82754,no 4-year degree,0
6,28,146100,18,NA,146100,4-year degree,1
6,31,261008,16,1,261008,4-year degree,1
6,33,261008,18,0,261008,4-year degree,1
6,35,303010,16,NA,303010,4-year degree,1
6,26,21000,16,1,21000,4-year degree,1
6,33,179000,16,1,179000,4-year degree,1
6,26,271450,18,1,271450,4-year degree,1
6,27,271450,18,1,271450,4-year degree,1
6,27,90180,16,1,90180,4-year degree,1
6,27,90180,16,1,90180,4-year degree,1
6,30,90210,12,1,90210,no 4-year degree,0
6,26,237507,18,1,237507,4-year degree,1
6,35,126640,16,NA,126640,4-year degree,1
6,26,29981,16,1,29981,4-year degree,1
6,35,210000,20,1,210000,4-year degree,1
6,31,109014,16,1,109014,4-year degree,1
6,26,109014,13,1,109014,no 4-year degree,0
6,33,20002,12,NA,20002,no 4-year degree,0
6,27,536900,18,1,536900,4-year degree,1
6,26,536900,16,1,536900,4-year degree,1
6,26,536900,16,1,536900,4-year degree,1
6,35,244500,20,1,244500,4-year degree,1
6,33,244500,20,1,244500,4-year degree,1
6,33,110375,16,1,110375,4-year degree,1
6,25,181150,16,1,181150,4-year degree,1
6,25,181150,18,1,181150,4-year degree,1
6,34,77520,16,1,77520,4-year degree,1
6,31,77520,13,NA,77520,no 4-year degree,0
6,33,50000,16,1,50000,4-year degree,1
6,34,50000,16,NA,50000,4-year degree,1
6,27,58696,14,1,58696,no 4-year degree,0
6,31,58696,16,NA,58696,4-year degree,1
6,32,100000,18,1,100000,4-year degree,1
6,33,81132,16,1,81132,4-year degree,1
6,30,124872,12,1,124872,no 4-year degree,0
6,28,145000,12,1,145000,no 4-year degree,0
6,28,145000,16,1,145000,4-year degree,1
6,28,50000,16,1,50000,4-year degree,1
6,26,1800,11,NA,1800,no 4-year degree,0
6,34,187095,14,1,187095,no 4-year degree,0
6,31,187095,12,1,187095,no 4-year degree,0
6,28,69411,18,1,69411,4-year degree,1
6,27,36480,16,NA,36480,4-year degree,1
6,31,54613,16,1,54613,4-year degree,1
6,29,54613,13,1,54613,no 4-year degree,0
6,25,35130,16,1,35130,4-year degree,1
6,26,162538,16,NA,162538,4-year degree,1
6,31,192180,16,1,192180,4-year degree,1
6,32,192180,16,1,192180,4-year degree,1
6,35,86000,12,NA,86000,no 4-year degree,0
6,29,302002,18,1,302002,4-year degree,1
6,30,302002,18,1,302002,4-year degree,1
6,31,322820,16,1,322820,4-year degree,1
6,31,322820,16,1,322820,4-year degree,1
6,33,91005,14,1,91005,no 4-year degree,0
6,35,91005,16,NA,91005,4-year degree,1
6,31,180296,16,1,180296,4-year degree,1
6,28,196146,12,NA,196146,no 4-year degree,0
6,27,172100,13,1,172100,no 4-year degree,0
6,25,75621,12,1,75621,no 4-year degree,0
6,28,75621,12,1,75621,no 4-year degree,0
6,30,308211,18,1,308211,4-year degree,1
6,31,178310,16,1,178310,4-year degree,1
6,28,178310,14,1,178310,no 4-year degree,0
6,33,378630,12,1,378630,no 4-year degree,0
6,29,378630,16,1,378630,4-year degree,1
6,33,147017,16,1,147017,4-year degree,1
6,34,147017,18,1,147017,4-year degree,1
6,30,122151,12,1,122151,no 4-year degree,0
6,31,152195,16,NA,152195,4-year degree,1
6,35,152195,18,1,152195,4-year degree,1
6,33,29000,10,1,29000,no 4-year degree,0
6,26,131100,13,1,131100,no 4-year degree,0
6,34,161501,14,1,161501,no 4-year degree,0
6,25,197400,16,1,197400,4-year degree,1
6,31,293930,16,1,293930,4-year degree,1
6,31,293930,16,1,293930,4-year degree,1
6,33,173830,20,1,173830,4-year degree,1
6,32,173830,20,1,173830,4-year degree,1
6,31,184317,16,1,184317,4-year degree,1
6,29,184317,12,1,184317,no 4-year degree,0
6,31,347633,16,1,347633,4-year degree,1
6,33,347633,14,1,347633,no 4-year degree,0
6,32,347633,16,1,347633,4-year degree,1
6,33,188039,13,NA,188039,no 4-year degree,0
6,25,96025,12,1,96025,no 4-year degree,0
6,32,140011,14,1,140011,no 4-year degree,0
6,31,333405,13,1,333405,no 4-year degree,0
6,31,66000,9,1,66000,no 4-year degree,0
6,30,141705,14,1,141705,no 4-year degree,0
6,31,83001,12,1,83001,no 4-year degree,0
6,31,133011,16,1,133011,4-year degree,1
6,28,99410,16,1,99410,4-year degree,1
6,33,249549,18,1,249549,4-year degree,1
6,28,249549,16,1,249549,4-year degree,1
6,30,264315,18,1,264315,4-year degree,1
6,29,264315,18,1,264315,4-year degree,1
6,32,290112,16,1,290112,4-year degree,1
6,32,290112,16,NA,290112,4-year degree,1
6,26,102512,16,1,102512,4-year degree,1
6,33,378573,18,1,378573,4-year degree,1
6,29,378573,16,1,378573,4-year degree,1
6,32,190858,18,1,190858,4-year degree,1
6,31,190858,18,1,190858,4-year degree,1
6,34,149268,16,1,149268,4-year degree,1
6,27,118152,18,1,118152,4-year degree,1
6,34,403906,16,1,403906,4-year degree,1
6,29,315082,18,1,315082,4-year degree,1
6,29,315082,16,1,315082,4-year degree,1
6,25,56214,16,1,56214,4-year degree,1
6,30,75033,18,1,75033,4-year degree,1
6,28,258015,16,1,258015,4-year degree,1
6,32,258015,18,NA,258015,4-year degree,1
6,29,258015,16,1,258015,4-year degree,1
6,29,202090,18,1,202090,4-year degree,1
6,29,202090,16,1,202090,4-year degree,1
6,27,202090,18,1,202090,4-year degree,1
6,26,202090,16,1,202090,4-year degree,1
6,33,90322,16,1,90322,4-year degree,1
6,30,91105,12,1,91105,no 4-year degree,0
6,26,198805,18,1,198805,4-year degree,1
6,26,198805,18,1,198805,4-year degree,1
6,33,310361,16,1,310361,4-year degree,1
6,33,310361,16,1,310361,4-year degree,1
6,31,490090,16,1,490090,4-year degree,1
6,29,490090,18,1,490090,4-year degree,1
6,28,490090,16,NA,490090,4-year degree,1
6,28,490090,16,1,490090,4-year degree,1
6,27,490090,16,1,490090,4-year degree,1
6,27,490090,14,1,490090,no 4-year degree,0
6,30,185432,14,NA,185432,no 4-year degree,0
6,26,519871,16,1,519871,4-year degree,1
6,26,519871,18,1,519871,4-year degree,1
6,33,124076,16,1,124076,4-year degree,1
6,33,124076,14,1,124076,no 4-year degree,0
6,27,454024,16,1,454024,4-year degree,1
6,29,196120,18,1,196120,4-year degree,1
6,27,196120,18,1,196120,4-year degree,1
6,35,63852,12,1,63852,no 4-year degree,0
6,25,145200,16,1,145200,4-year degree,1
6,26,145200,16,1,145200,4-year degree,1
6,32,60000,18,1,60000,4-year degree,1
6,28,60000,20,NA,60000,4-year degree,1
6,32,251054,16,1,251054,4-year degree,1
6,32,251054,16,1,251054,4-year degree,1
6,27,261000,16,1,261000,4-year degree,1
6,29,261000,16,1,261000,4-year degree,1
6,28,261000,18,1,261000,4-year degree,1
6,32,276370,18,1,276370,4-year degree,1
6,26,276370,18,1,276370,4-year degree,1
6,33,59601,12,1,59601,no 4-year degree,0
6,35,59601,16,NA,59601,4-year degree,1
6,30,205323,16,1,205323,4-year degree,1
6,26,205323,16,NA,205323,4-year degree,1
6,28,53502,13,1,53502,no 4-year degree,0
6,30,53502,13,1,53502,no 4-year degree,0
6,30,168574,16,1,168574,4-year degree,1
6,29,168574,16,0,168574,4-year degree,1
6,29,168574,20,1,168574,4-year degree,1
6,27,204207,16,1,204207,4-year degree,1
6,26,204207,18,1,204207,4-year degree,1
6,33,30000,13,1,30000,no 4-year degree,0
6,33,175007,18,1,175007,4-year degree,1
6,34,57000,11,NA,57000,no 4-year degree,0
6,34,113615,13,1,113615,no 4-year degree,0
6,30,113440,16,1,113440,4-year degree,1
6,28,217001,16,1,217001,4-year degree,1
6,27,217001,16,1,217001,4-year degree,1
6,33,562500,18,1,562500,4-year degree,1
6,35,562500,18,1,562500,4-year degree,1
6,30,72711,13,1,72711,no 4-year degree,0
6,29,52001,16,1,52001,4-year degree,1
6,26,52001,14,1,52001,no 4-year degree,0
6,27,70805,12,1,70805,no 4-year degree,0
6,28,235281,16,1,235281,4-year degree,1
6,27,218250,18,1,218250,4-year degree,1
6,27,218250,18,1,218250,4-year degree,1
6,33,380500,16,1,380500,4-year degree,1
6,34,380500,16,1,380500,4-year degree,1
6,32,258213,13,1,258213,no 4-year degree,0
6,33,258213,16,1,258213,4-year degree,1
6,34,178000,16,1,178000,4-year degree,1
6,25,227000,12,1,227000,no 4-year degree,0
6,35,222979,16,1,222979,4-year degree,1
6,30,222979,16,1,222979,4-year degree,1
6,35,452421,20,1,452421,4-year degree,1
6,34,167210,16,1,167210,4-year degree,1
6,33,90000,20,1,90000,4-year degree,1
6,30,53332,16,NA,53332,4-year degree,1
6,33,261015,18,1,261015,4-year degree,1
6,29,261015,18,1,261015,4-year degree,1
6,29,315415,16,1,315415,4-year degree,1
6,28,315415,16,1,315415,4-year degree,1
6,26,141050,18,1,141050,4-year degree,1
6,33,400150,18,1,400150,4-year degree,1
6,31,400150,18,1,400150,4-year degree,1
6,26,137831,13,1,137831,no 4-year degree,0
6,25,137831,13,1,137831,no 4-year degree,0
6,28,293301,16,NA,293301,4-year degree,1
6,25,293301,16,1,293301,4-year degree,1
6,26,87500,14,1,87500,no 4-year degree,0
6,32,248001,14,1,248001,no 4-year degree,0
6,32,248001,14,1,248001,no 4-year degree,0
6,28,146106,16,1,146106,4-year degree,1
6,29,99088,13,NA,99088,no 4-year degree,0
6,35,179150,16,1,179150,4-year degree,1
6,34,179150,16,1,179150,4-year degree,1
6,31,45409,16,1,45409,4-year degree,1
6,34,16001,14,1,16001,no 4-year degree,0
6,35,16001,14,NA,16001,no 4-year degree,0
6,29,136933,16,1,136933,4-year degree,1
6,29,136933,16,1,136933,4-year degree,1
6,26,164000,16,1,164000,4-year degree,1
6,30,164000,16,1,164000,4-year degree,1
6,29,164000,16,1,164000,4-year degree,1
6,26,164000,16,1,164000,4-year degree,1
6,32,254550,16,1,254550,4-year degree,1
6,30,254550,16,1,254550,4-year degree,1
6,26,398739,16,1,398739,4-year degree,1
6,27,398739,16,1,398739,4-year degree,1
6,26,398739,16,1,398739,4-year degree,1
6,27,174485,13,1,174485,no 4-year degree,0
6,29,172037,18,1,172037,4-year degree,1
6,27,172037,18,1,172037,4-year degree,1
6,34,211850,18,NA,211850,4-year degree,1
6,28,580050,18,1,580050,4-year degree,1
6,29,580050,18,1,580050,4-year degree,1
6,29,580050,16,1,580050,4-year degree,1
6,28,580050,18,1,580050,4-year degree,1
6,32,120001,16,1,120001,4-year degree,1
6,35,114740,13,1,114740,no 4-year degree,0
6,35,114740,13,1,114740,no 4-year degree,0
6,30,225900,16,1,225900,4-year degree,1
6,30,90120,18,1,90120,4-year degree,1
6,26,346001,18,1,346001,4-year degree,1
6,26,346001,18,1,346001,4-year degree,1
6,26,117051,14,1,117051,no 4-year degree,0
6,27,117051,13,1,117051,no 4-year degree,0
6,33,24000,11,NA,24000,no 4-year degree,0
6,25,326000,13,1,326000,no 4-year degree,0
6,29,326000,12,1,326000,no 4-year degree,0
6,27,326000,18,1,326000,4-year degree,1
6,30,36200,13,NA,36200,no 4-year degree,0
6,34,726605,16,1,726605,4-year degree,1
6,25,79404,12,1,79404,no 4-year degree,0
6,25,79404,16,1,79404,4-year degree,1
6,32,288000,18,1,288000,4-year degree,1
6,32,288000,18,1,288000,4-year degree,1
6,26,271027,16,1,271027,4-year degree,1
6,29,271027,16,1,271027,4-year degree,1
6,30,143452,18,1,143452,4-year degree,1
6,35,63335,18,0,63335,4-year degree,1
6,26,230537,13,1,230537,no 4-year degree,0
6,30,190000,13,1,190000,no 4-year degree,0
6,28,328400,18,1,328400,4-year degree,1
6,30,328400,16,1,328400,4-year degree,1
6,31,367500,14,1,367500,no 4-year degree,0
6,30,367500,16,1,367500,4-year degree,1
6,34,215340,16,1,215340,4-year degree,1
6,34,215340,16,1,215340,4-year degree,1
6,34,250000,18,NA,250000,4-year degree,1
6,35,132000,18,NA,132000,4-year degree,1
6,29,95103,13,1,95103,no 4-year degree,0
6,28,95103,13,NA,95103,no 4-year degree,0
6,30,96200,16,1,96200,4-year degree,1
6,33,150003,18,1,150003,4-year degree,1
6,31,150003,16,NA,150003,4-year degree,1
6,35,8000,13,NA,8000,no 4-year degree,0
6,33,8000,12,0,8000,no 4-year degree,0
6,31,82020,12,1,82020,no 4-year degree,0
6,29,230053,16,1,230053,4-year degree,1
6,30,134027,13,1,134027,no 4-year degree,0
6,26,134027,12,1,134027,no 4-year degree,0
6,28,366351,16,1,366351,4-year degree,1
6,31,366351,18,NA,366351,4-year degree,1
6,30,225410,11,NA,225410,no 4-year degree,0
6,33,177217,13,0,177217,no 4-year degree,0
6,34,177217,13,1,177217,no 4-year degree,0
6,30,303600,18,1,303600,4-year degree,1
6,30,303600,18,1,303600,4-year degree,1
6,32,502863,20,1,502863,4-year degree,1
6,35,502863,20,1,502863,4-year degree,1
6,33,502863,20,1,502863,4-year degree,1
6,32,60000,13,NA,60000,no 4-year degree,0
6,27,0,20,NA,0,4-year degree,1
6,33,0,20,NA,0,4-year degree,1
6,28,25000,13,1,25000,no 4-year degree,0
6,28,159209,16,1,159209,4-year degree,1
6,27,159209,13,1,159209,no 4-year degree,0
6,31,257174,18,1,257174,4-year degree,1
6,28,257174,18,1,257174,4-year degree,1
6,28,213475,18,1,213475,4-year degree,1
6,28,213475,16,1,213475,4-year degree,1
6,27,213475,18,1,213475,4-year degree,1
6,31,136000,16,1,136000,4-year degree,1
6,34,736520,20,1,736520,4-year degree,1
6,35,736520,18,1,736520,4-year degree,1
6,26,145000,16,1,145000,4-year degree,1
6,26,145000,16,1,145000,4-year degree,1
6,31,200002,16,1,200002,4-year degree,1
6,30,200002,20,1,200002,4-year degree,1
6,32,100000,18,1,100000,4-year degree,1
6,30,100000,16,NA,100000,4-year degree,1
6,35,112000,16,1,112000,4-year degree,1
6,25,110000,13,1,110000,no 4-year degree,0
6,28,110000,16,1,110000,4-year degree,1
6,31,28000,12,1,28000,no 4-year degree,0
6,33,94324,16,1,94324,4-year degree,1
6,31,94324,20,1,94324,4-year degree,1
6,25,112010,16,0,112010,4-year degree,1
6,31,264790,18,1,264790,4-year degree,1
6,30,264790,18,1,264790,4-year degree,1
6,29,161055,18,1,161055,4-year degree,1
6,28,280761,18,1,280761,4-year degree,1
6,28,280761,18,1,280761,4-year degree,1
6,25,89810,12,1,89810,no 4-year degree,0
6,34,290002,18,1,290002,4-year degree,1
6,30,66800,12,1,66800,no 4-year degree,0
6,32,110002,13,1,110002,no 4-year degree,0
6,27,110002,13,1,110002,no 4-year degree,0
6,34,109797,20,1,109797,4-year degree,1
6,34,65010,20,1,65010,4-year degree,1
6,28,65010,18,NA,65010,4-year degree,1
6,34,210222,18,1,210222,4-year degree,1
6,30,210222,16,NA,210222,4-year degree,1
6,26,160108,16,1,160108,4-year degree,1
6,29,102731,18,1,102731,4-year degree,1
6,29,102731,16,1,102731,4-year degree,1
6,32,65000,16,1,65000,4-year degree,1
6,25,118269,13,1,118269,no 4-year degree,0
6,27,118269,16,1,118269,4-year degree,1
6,34,170000,16,1,170000,4-year degree,1
6,29,170000,18,1,170000,4-year degree,1
6,29,131592,16,1,131592,4-year degree,1
6,27,50000,14,1,50000,no 4-year degree,0
6,35,195263,12,1,195263,no 4-year degree,0
6,27,28000,14,1,28000,no 4-year degree,0
6,29,28000,14,1,28000,no 4-year degree,0
6,35,186056,20,1,186056,4-year degree,1
6,28,103000,14,1,103000,no 4-year degree,0
6,33,101400,11,1,101400,no 4-year degree,0
6,26,154750,13,1,154750,no 4-year degree,0
6,35,25000,14,NA,25000,no 4-year degree,0
6,27,70001,16,1,70001,4-year degree,1
6,28,50001,13,NA,50001,no 4-year degree,0
6,25,102141,13,1,102141,no 4-year degree,0
6,32,102141,16,0,102141,4-year degree,1
6,27,102141,13,NA,102141,no 4-year degree,0
6,26,102141,13,NA,102141,no 4-year degree,0
6,25,102141,13,NA,102141,no 4-year degree,0
6,32,26000,12,1,26000,no 4-year degree,0
6,25,55001,16,1,55001,4-year degree,1
6,33,75089,12,1,75089,no 4-year degree,0
6,35,75089,12,1,75089,no 4-year degree,0
6,35,60000,14,1,60000,no 4-year degree,0
6,31,116610,18,1,116610,4-year degree,1
6,31,116610,12,1,116610,no 4-year degree,0
6,25,0,13,NA,0,no 4-year degree,0
6,25,0,13,NA,0,no 4-year degree,0
6,27,45001,12,1,45001,no 4-year degree,0
6,26,191079,11,1,191079,no 4-year degree,0
6,25,19700,14,NA,19700,no 4-year degree,0
6,26,140598,13,1,140598,no 4-year degree,0
6,32,140598,16,1,140598,4-year degree,1
6,30,140598,13,NA,140598,no 4-year degree,0
6,29,140598,16,1,140598,4-year degree,1
6,28,140598,18,1,140598,4-year degree,1
6,25,87000,12,1,87000,no 4-year degree,0
6,29,80309,16,1,80309,4-year degree,1
6,31,80309,16,1,80309,4-year degree,1
6,28,223801,16,NA,223801,4-year degree,1
6,35,241401,16,1,241401,4-year degree,1
6,31,117000,12,1,117000,no 4-year degree,0
6,34,117000,13,1,117000,no 4-year degree,0
6,30,196940,14,1,196940,no 4-year degree,0
6,28,196940,12,NA,196940,no 4-year degree,0
6,32,410064,20,1,410064,4-year degree,1
6,28,29004,13,1,29004,no 4-year degree,0
6,33,29004,12,1,29004,no 4-year degree,0
6,32,245604,12,1,245604,no 4-year degree,0
6,26,122000,12,1,122000,no 4-year degree,0
6,26,32000,12,NA,32000,no 4-year degree,0
6,29,72110,16,1,72110,4-year degree,1
6,32,80149,14,1,80149,no 4-year degree,0
6,28,185179,16,NA,185179,4-year degree,1
6,31,185179,13,1,185179,no 4-year degree,0
6,29,185179,12,1,185179,no 4-year degree,0
6,29,101030,13,1,101030,no 4-year degree,0
6,33,101030,12,1,101030,no 4-year degree,0
6,35,185065,16,1,185065,4-year degree,1
6,33,126012,14,1,126012,no 4-year degree,0
6,35,126012,16,1,126012,4-year degree,1
6,26,94930,12,1,94930,no 4-year degree,0
6,31,93040,12,1,93040,no 4-year degree,0
6,31,200201,16,NA,200201,4-year degree,1
6,29,216745,16,1,216745,4-year degree,1
6,26,43900,14,1,43900,no 4-year degree,0
6,29,67013,13,1,67013,no 4-year degree,0
6,29,67013,14,1,67013,no 4-year degree,0
6,33,34680,13,1,34680,no 4-year degree,0
6,25,53600,13,1,53600,no 4-year degree,0
6,25,53600,13,0,53600,no 4-year degree,0
6,27,73000,13,1,73000,no 4-year degree,0
6,34,158770,16,1,158770,4-year degree,1
6,28,101601,12,1,101601,no 4-year degree,0
6,27,101601,14,NA,101601,no 4-year degree,0
6,29,134110,13,1,134110,no 4-year degree,0
6,32,134110,16,1,134110,4-year degree,1
6,27,45040,13,1,45040,no 4-year degree,0
6,34,79002,12,1,79002,no 4-year degree,0
6,33,70250,16,1,70250,4-year degree,1
6,31,70250,14,NA,70250,no 4-year degree,0
6,29,95643,14,1,95643,no 4-year degree,0
6,33,157816,12,1,157816,no 4-year degree,0
6,34,157816,12,1,157816,no 4-year degree,0
6,28,47700,12,1,47700,no 4-year degree,0
6,28,47700,12,1,47700,no 4-year degree,0
6,27,94842,16,1,94842,4-year degree,1
6,27,94842,14,1,94842,no 4-year degree,0
6,29,60850,12,0,60850,no 4-year degree,0
6,29,41665,13,1,41665,no 4-year degree,0
6,31,115020,13,1,115020,no 4-year degree,0
6,30,115020,12,1,115020,no 4-year degree,0
6,33,329900,20,1,329900,4-year degree,1
6,33,329900,20,1,329900,4-year degree,1
6,32,195660,12,1,195660,no 4-year degree,0
6,26,97526,16,1,97526,4-year degree,1
6,28,97526,18,1,97526,4-year degree,1
6,31,39883,13,1,39883,no 4-year degree,0
6,25,65802,12,1,65802,no 4-year degree,0
6,33,85368,12,1,85368,no 4-year degree,0
6,28,85368,12,NA,85368,no 4-year degree,0
6,35,100745,14,1,100745,no 4-year degree,0
6,31,54100,14,1,54100,no 4-year degree,0
6,32,54100,14,NA,54100,no 4-year degree,0
6,35,120001,12,1,120001,no 4-year degree,0
6,33,120001,12,1,120001,no 4-year degree,0
6,30,120001,12,1,120001,no 4-year degree,0
6,27,120001,16,0,120001,4-year degree,1
6,25,190800,16,1,190800,4-year degree,1
6,34,58001,16,1,58001,4-year degree,1
6,29,47010,13,NA,47010,no 4-year degree,0
6,25,56002,16,1,56002,4-year degree,1
6,31,50766,12,NA,50766,no 4-year degree,0
6,33,12000,14,1,12000,no 4-year degree,0
6,33,165500,14,1,165500,no 4-year degree,0
6,35,165500,12,1,165500,no 4-year degree,0
6,32,60001,11,1,60001,no 4-year degree,0
6,32,60001,13,1,60001,no 4-year degree,0
6,25,65779,16,1,65779,4-year degree,1
6,28,65779,13,NA,65779,no 4-year degree,0
6,25,25000,12,NA,25000,no 4-year degree,0
6,29,25000,16,0,25000,4-year degree,1
6,33,59900,11,1,59900,no 4-year degree,0
6,27,30500,12,1,30500,no 4-year degree,0
6,32,30500,12,NA,30500,no 4-year degree,0
6,30,93000,16,NA,93000,4-year degree,1
6,35,215100,16,1,215100,4-year degree,1
6,34,213561,16,1,213561,4-year degree,1
6,30,213561,16,NA,213561,4-year degree,1
6,28,186406,16,1,186406,4-year degree,1
6,35,65000,14,1,65000,no 4-year degree,0
6,28,113002,13,1,113002,no 4-year degree,0
6,28,113002,12,1,113002,no 4-year degree,0
6,33,21976,12,0,21976,no 4-year degree,0
6,29,124020,13,1,124020,no 4-year degree,0
6,29,144273,13,1,144273,no 4-year degree,0
6,32,40000,12,1,40000,no 4-year degree,0
6,26,40000,12,NA,40000,no 4-year degree,0
6,26,172507,12,1,172507,no 4-year degree,0
6,32,47700,12,NA,47700,no 4-year degree,0
6,31,194502,18,1,194502,4-year degree,1
6,31,194502,16,1,194502,4-year degree,1
6,30,124200,12,1,124200,no 4-year degree,0
6,35,92601,20,NA,92601,4-year degree,1
6,31,36502,11,1,36502,no 4-year degree,0
6,33,36502,12,1,36502,no 4-year degree,0
6,26,108092,13,0,108092,no 4-year degree,0
6,35,140500,12,1,140500,no 4-year degree,0
6,30,140500,12,1,140500,no 4-year degree,0
6,33,38411,14,1,38411,no 4-year degree,0
6,26,0,10,NA,0,no 4-year degree,0
6,30,12000,11,NA,12000,no 4-year degree,0
6,34,91019,16,1,91019,4-year degree,1
6,31,100225,16,1,100225,4-year degree,1
6,32,19500,12,0,19500,no 4-year degree,0
6,32,67801,12,1,67801,no 4-year degree,0
6,34,19032,11,NA,19032,no 4-year degree,0
6,29,19032,10,NA,19032,no 4-year degree,0
6,29,19032,10,NA,19032,no 4-year degree,0
6,31,49001,16,1,49001,4-year degree,1
6,29,700,12,NA,700,no 4-year degree,0
6,35,38805,11,NA,38805,no 4-year degree,0
6,33,48600,12,NA,48600,no 4-year degree,0
6,35,48600,16,NA,48600,4-year degree,1
6,25,86006,12,1,86006,no 4-year degree,0
6,26,86006,12,1,86006,no 4-year degree,0
6,26,24000,20,NA,24000,4-year degree,1