2017 Event ,2017 Event Venue,Zip,Zone,Date,Start time,End time,Audience,Price Structure,Marked as sold out?,Estimated Attendance,Adv Tickets sold,Actual Attendance
ASF2017 Launch with Captain Mark Kelly,Glenn  Memorial Church,30307,NE ITP,Tue. 03.14,5:30 PM,9:00 PM,"Adults, Families (kids & adults together), Teens (13-18 yrs), Children (5-12 yrs)",$12 ($8 for kids 12 and under),,800,926,1023
Solve for X Variety Show,Highland Inn Ballroom,30306,NE ITP,Fri. 03. 17,8:30 PM,10:00 PM,Adults,$10 ($5 for students),,80,Partner handled sales,103
Zoo Atlanta Educator Appreciation Day,Zoo Atlanta,30315,SW ITP,Sat. 03. 18,9:30 AM,4:30 PM,Educators,Free for Educators,,400,--,950
Robot Racing & PancakeBots,21st Cent STEM Academy,30033,NE ITP,Sat. 03. 18,10:00 AM,12:00 PM,Children (5-12 yrs),Free with adv registration,SOLD OUT,25,25,25
What's All the Buzz About Nanotechnology?,Georgia Tech,30313,NW ITP,Sat. 03. 18,10:00 AM,12:30 PM,"Adults, Families (kids & adults together), Teens (13-18 yrs), Children (5-12 yrs)",Free,,100,--,98
The Science of Pickling Produce: A Canning Workshop,Whole Kids Educational Farm and Teaching Kitchen,30076,NW OTP,Sat. 03. 18,10:00 AM,1:00 PM,"Adults, Teens (13-18)",$12,,20,Partner handled sales,8
Drone Day,Salvation Army Peachcrest Boys and Girls Club,30032,NE ITP,Sat. 03. 18,10:00 AM,1:00 PM,"Families (kids & adults together), Teens (13-18 yrs)",Free,,300,--,150
Wiggly Worms: Kings of Compost,Reynolds Nature Preserve,30260,SE OTP,Sat. 03. 18,11:00 AM,1:00 PM,"Adults, Families (kids & adults together), Teens (13-18 yrs)",$35,,20,0,0
Creating a New Normal: Working Toward An AIDS Free Generation,J.D. Sims Recreation Center,30308,NE ITP,Sat. 03. 18,1:00 PM,5:00 PM,"Adults, Teens (13-18)",Free with adv registration,,40,Partner handled sales,
Rap Guide to Climate Chaos,Drew Charter School,30317,NE ITP,Sat. 03. 18,1:30 PM,3:00 PM,"Adults, Families (kids & adults together), Teens (13-18 yrs)",$5 (Drew Charter School and Westminster School students free),,150,18,80
Science of Cannabis,Manuel's Tavern,30307,NE ITP,Sat. 03. 18,7:30 PM,9:00 PM,Adults,Free,,50,--,129
STEAM Teacher Appreciation Day at the High,High Museum of  Art,30309,NE ITP,Sun. 03. 19,12:00 PM,5:00 PM,Educators,Free for Educators,,150,--,1000
DINOSAUR!,Alliance Theater,30309,NE ITP,Sun. 03. 19,12:15 PM,12:50 PM,Preschool (0-4),"$5/adult, kids under 5 free",,50,Partner handled sales,55
Robot Soccer,21st Cent STEM Academy,30033,NE ITP,Sun. 03. 19,2:00 PM,4:00 PM,Children (5-12 yrs),Free with adv registration,SOLD OUT,30,30,28
Zombie Outbreak Game,Emory University,30322,NE ITP,Sun. 03. 19,2:00 PM,4:00 PM,"Adults, Teens (13-18)",$10,,150,197,160
Disease Detectives: Science and Society,Atlanta History Center,30305,NW ITP,Sun. 03. 19,2:00 PM,4:00 PM,"Families (kids & adults together), Teens (13-18 yrs), Children (5-12 yrs)",Free with adv registration,,40,Partner handled sales,15
Science Rock and Comedy,Historic Academy of Medicine,30324,NE ITP,Sun. 03. 19,7:00 PM,9:30 PM,Adults,Free,,60,--,80
"Creating a New Normal: Race, Identity, Health & Activism",Emory University,30322,NE ITP,Mon. 03. 20,1:00 PM,2:15 PM,"Adults, Teens (13-18)",Free,,30,--,50
It's About Time,Oxford College,30054,NE OTP,Tue. 03. 21,7:00 PM,9:00 PM,"Adults, Teens (13-18)",Free with adv registration,,40,Partner handled sales,40
You're The Expert,7 Stages Theatre,30307,NE ITP,Tue. 03. 21,7:30 PM,9:30 PM,"Adults, Teens (13-18)",$15,,200,Partner handled sales,191
Saving Georgia’s Wild Orchids,Atlanta Botanical Garden,30309,NE ITP,Wed. 03. 22,10:30 AM,11:30 AM,"Children (5-12 yrs), Teens (13-18)",Free with adv registration,,80,Partner handled sales,35
Saving Georgia's Wild Orchids,Atlanta Botanical Garden,30309,NE ITP,Wed. 03. 22,7:00 PM,8:00 PM,"Adults, Teens (13-18)",Free,,80,--,94
"LEGOs, littleBits & Local Brew",MODA,30309,NE ITP,Wed. 03. 22,8:00 PM,10:00 PM,Adults,"$25 for MODA members, $30 for non-members",,80,Partner handled sales,57
The Mysterious World of Carnivorous Plants,DeKalb Extension Auditorium,30032,NE ITP,Thu. 03. 23,5:30 PM,6:30 PM,"Families (kids & adults together), Children (5-12 yrs)",Free with adv registration,SOLD OUT,20,20,25
Breaking Down the Campground,Camp Timber Ridge,30126,NW OTP,Thu. 03. 23,5:30 PM,7:30 PM,"Families (kids & adults together), Teens (13-18 yrs), Children (5-12 yrs)",$10,,40,Partner handled sales,49
Connected Cycling Showcase: Using Technology to Hack a Bike,Alpharetta Technology Commission Innovation Center,30009,NW OTP,Thu. 03. 23,6:00 PM,8:00 PM,"Adults, Families (kids & adults together), Teens (13-18 yrs), Children (5-12 yrs)",Free with adv registration,,30,Partner handled sales,45
Spy in the Wild,Ga Public Broadcasting,30318,NW ITP,Thu. 03. 23,7:00 PM,9:00 PM,"Adults, Families (kids & adults together), Teens (13-18 yrs), Children (5-12 yrs)",Free with adv registration,,60,Partner handled sales,36
The Art and Science of Cooking with Insects,Manuel's Tavern,30307,NE ITP,Thu. 03. 23,7:30 PM,9:00 PM,"Adults, Teens (13-18)",Free,,80,--,120
Robot Racing & PancakeBots,21st Cent STEM Academy,30033,NE ITP,Fri. 03. 24,2:00 PM,4:00 PM,Children (5-12 yrs),Free with adv registration,SOLD OUT,15,Partner handled sales,11
Robot Racing & PancakeBots,21st Cent STEM Academy,30033,NE ITP,Fri. 03. 24,6:30 PM,8:30 PM,Children (5-12 yrs),Free with adv registration,SOLD OUT,15,Partner handled sales,16
Introducing the Next...,Ferst Center for the Arts,30332,NW ITP,Fri. 03. 24,7:00 PM,10:00 PM,"Adults, Families (kids & adults together), Teens (13-18 yrs)",$28 ($22 with discount code),,500,Partner handled sales,275
Critter Crawl,Oxford College,30054,NE OTP,Sun. 03. 19,1:00 PM,3:00 PM,"Families (kids & adults together), Teens (13-18 yrs), Children (5-12 yrs), Preschool (0-4 yrs)",Free,,30,--,188
Heart & Your Health,Stonecrest Library,30038,SE OTP,Thu. 03. 23,12:00 PM,1:00 PM,"Families (kids & adults together), Children (5-12 yrs)",Free with adv registration,,20,Partner handled sales,63
Bio-Bus: Chemistry Edition!,Mechanicsville Library,30312,SW ITP,Thu. 03. 16,10:35 AM,11:25 AM,"Families (kids & adults together), Children (5-12 yrs)",Free,,15,--,35